This is pdfTeX, Version 3.14159265-2.6-1.40.16 (TeX Live 2015/Debian) (preloaded format=pdflatex 2018.10.17)  20 NOV 2020 21:30
entering extended mode
 restricted \write18 enabled.
 %&-line parsing enabled.
**results_report.tex
(./results_report.tex
LaTeX2e <2016/02/01>
Babel <3.9q> and hyphenation patterns for 5 language(s) loaded.
(/usr/share/texlive/texmf-dist/tex/latex/base/article.cls
Document Class: article 2014/09/29 v1.4h Standard LaTeX document class
(/usr/share/texlive/texmf-dist/tex/latex/base/size10.clo
File: size10.clo 2014/09/29 v1.4h Standard LaTeX file (size option)
)
\c@part=\count79
\c@section=\count80
\c@subsection=\count81
\c@subsubsection=\count82
\c@paragraph=\count83
\c@subparagraph=\count84
\c@figure=\count85
\c@table=\count86
\abovecaptionskip=\skip41
\belowcaptionskip=\skip42
\bibindent=\dimen102
)
(/usr/share/texlive/texmf-dist/tex/latex/geometry/geometry.sty
Package: geometry 2010/09/12 v5.6 Page Geometry

(/usr/share/texlive/texmf-dist/tex/latex/graphics/keyval.sty
Package: keyval 2014/10/28 v1.15 key=value parser (DPC)
\KV@toks@=\toks14
)
(/usr/share/texlive/texmf-dist/tex/generic/oberdiek/ifpdf.sty
Package: ifpdf 2011/01/30 v2.3 Provides the ifpdf switch (HO)
Package ifpdf Info: pdfTeX in PDF mode is detected.
)
(/usr/share/texlive/texmf-dist/tex/generic/oberdiek/ifvtex.sty
Package: ifvtex 2010/03/01 v1.5 Detect VTeX and its facilities (HO)
Package ifvtex Info: VTeX not detected.
)
(/usr/share/texlive/texmf-dist/tex/generic/ifxetex/ifxetex.sty
Package: ifxetex 2010/09/12 v0.6 Provides ifxetex conditional
)
\Gm@cnth=\count87
\Gm@cntv=\count88
\c@Gm@tempcnt=\count89
\Gm@bindingoffset=\dimen103
\Gm@wd@mp=\dimen104
\Gm@odd@mp=\dimen105
\Gm@even@mp=\dimen106
\Gm@layoutwidth=\dimen107
\Gm@layoutheight=\dimen108
\Gm@layouthoffset=\dimen109
\Gm@layoutvoffset=\dimen110
\Gm@dimlist=\toks15
)
(/usr/share/texlive/texmf-dist/tex/latex/graphics/graphicx.sty
Package: graphicx 2014/10/28 v1.0g Enhanced LaTeX Graphics (DPC,SPQR)

(/usr/share/texlive/texmf-dist/tex/latex/graphics/graphics.sty
Package: graphics 2016/01/03 v1.0q Standard LaTeX Graphics (DPC,SPQR)

(/usr/share/texlive/texmf-dist/tex/latex/graphics/trig.sty
Package: trig 2016/01/03 v1.10 sin cos tan (DPC)
)
(/usr/share/texlive/texmf-dist/tex/latex/latexconfig/graphics.cfg
File: graphics.cfg 2010/04/23 v1.9 graphics configuration of TeX Live
)
Package graphics Info: Driver file: pdftex.def on input line 95.

(/usr/share/texlive/texmf-dist/tex/latex/pdftex-def/pdftex.def
File: pdftex.def 2011/05/27 v0.06d Graphics/color for pdfTeX

(/usr/share/texlive/texmf-dist/tex/generic/oberdiek/infwarerr.sty
Package: infwarerr 2010/04/08 v1.3 Providing info/warning/error messages (HO)
)
(/usr/share/texlive/texmf-dist/tex/generic/oberdiek/ltxcmds.sty
Package: ltxcmds 2011/11/09 v1.22 LaTeX kernel commands for general use (HO)
)
\Gread@gobject=\count90
))
\Gin@req@height=\dimen111
\Gin@req@width=\dimen112
)
(/usr/share/texlive/texmf-dist/tex/latex/caption/subcaption.sty
Package: subcaption 2016/02/20 v1.1-142 Sub-captions (AR)

(/usr/share/texlive/texmf-dist/tex/latex/caption/caption.sty
Package: caption 2016/02/21 v3.3-144 Customizing captions (AR)

(/usr/share/texlive/texmf-dist/tex/latex/caption/caption3.sty
Package: caption3 2016/02/04 v1.7-139 caption3 kernel (AR)
Package caption3 Info: TeX engine: e-TeX on input line 67.
\captionmargin=\dimen113
\captionmargin@=\dimen114
\captionwidth=\dimen115
\caption@tempdima=\dimen116
\caption@indent=\dimen117
\caption@parindent=\dimen118
\caption@hangindent=\dimen119
)
\c@ContinuedFloat=\count91
)
\c@subfigure=\count92
\c@subtable=\count93
)
(/usr/share/texlive/texmf-dist/tex/latex/rotating/rotating.sty
Package: rotating 2009/03/28 v2.16a rotated objects in LaTeX

(/usr/share/texlive/texmf-dist/tex/latex/base/ifthen.sty
Package: ifthen 2014/09/29 v1.1c Standard LaTeX ifthen package (DPC)
)
\c@r@tfl@t=\count94
\rotFPtop=\skip43
\rotFPbot=\skip44
\rot@float@box=\box26
\rot@mess@toks=\toks16
)
(/usr/share/texlive/texmf-dist/tex/latex/tools/array.sty
Package: array 2014/10/28 v2.4c Tabular extension package (FMi)
\col@sep=\dimen120
\extrarowheight=\dimen121
\NC@list=\toks17
\extratabsurround=\skip45
\backup@length=\skip46
)
(/usr/share/texlive/texmf-dist/tex/latex/pdfpages/pdfpages.sty
Package: pdfpages 2015/09/18 v0.5d Insert pages of external PDF documents (AM)

(/usr/share/texlive/texmf-dist/tex/latex/tools/calc.sty
Package: calc 2014/10/28 v4.3 Infix arithmetic (KKT,FJ)
\calc@Acount=\count95
\calc@Bcount=\count96
\calc@Adimen=\dimen122
\calc@Bdimen=\dimen123
\calc@Askip=\skip47
\calc@Bskip=\skip48
LaTeX Info: Redefining \setlength on input line 80.
LaTeX Info: Redefining \addtolength on input line 81.
\calc@Ccount=\count97
\calc@Cskip=\skip49
)
(/usr/share/texlive/texmf-dist/tex/latex/eso-pic/eso-pic.sty
Package: eso-pic 2015/07/21 v2.0g eso-pic (RN)

(/usr/share/texlive/texmf-dist/tex/generic/oberdiek/atbegshi.sty
Package: atbegshi 2011/10/05 v1.16 At begin shipout hook (HO)
)
(/usr/share/texmf/tex/latex/xcolor/xcolor.sty
Package: xcolor 2007/01/21 v2.11 LaTeX color extensions (UK)

(/usr/share/texlive/texmf-dist/tex/latex/latexconfig/color.cfg
File: color.cfg 2007/01/18 v1.5 color configuration of teTeX/TeXLive
)
Package xcolor Info: Driver file: pdftex.def on input line 225.
Package xcolor Info: Model `cmy' substituted by `cmy0' on input line 1337.
Package xcolor Info: Model `hsb' substituted by `rgb' on input line 1341.
Package xcolor Info: Model `RGB' extended on input line 1353.
Package xcolor Info: Model `HTML' substituted by `rgb' on input line 1355.
Package xcolor Info: Model `Hsb' substituted by `hsb' on input line 1356.
Package xcolor Info: Model `tHsb' substituted by `hsb' on input line 1357.
Package xcolor Info: Model `HSB' substituted by `hsb' on input line 1358.
Package xcolor Info: Model `Gray' substituted by `gray' on input line 1359.
Package xcolor Info: Model `wave' substituted by `hsb' on input line 1360.
))
\AM@pagewidth=\dimen124
\AM@pageheight=\dimen125

(/usr/share/texlive/texmf-dist/tex/latex/pdfpages/pppdftex.def
File: pppdftex.def 2015/09/18 v0.5d Pdfpages driver for pdfTeX (AM)
)
\AM@pagebox=\box27
\AM@toc@title=\toks18
\c@AM@survey=\count98
\AM@templatesizebox=\box28
)
(/usr/share/texlive/texmf-dist/tex/latex/oberdiek/grffile.sty
Package: grffile 2012/04/05 v1.16 Extended file name support for graphics (HO)

(/usr/share/texlive/texmf-dist/tex/latex/oberdiek/kvoptions.sty
Package: kvoptions 2011/06/30 v3.11 Key value format for package options (HO)

(/usr/share/texlive/texmf-dist/tex/generic/oberdiek/kvsetkeys.sty
Package: kvsetkeys 2012/04/25 v1.16 Key value parser (HO)

(/usr/share/texlive/texmf-dist/tex/generic/oberdiek/etexcmds.sty
Package: etexcmds 2011/02/16 v1.5 Avoid name clashes with e-TeX commands (HO)

(/usr/share/texlive/texmf-dist/tex/generic/oberdiek/ifluatex.sty
Package: ifluatex 2010/03/01 v1.3 Provides the ifluatex switch (HO)
Package ifluatex Info: LuaTeX not detected.
)
Package etexcmds Info: Could not find \expanded.
(etexcmds)             That can mean that you are not using pdfTeX 1.50 or
(etexcmds)             that some package has redefined \expanded.
(etexcmds)             In the latter case, load this package earlier.
)))
(/usr/share/texlive/texmf-dist/tex/generic/oberdiek/pdftexcmds.sty
Package: pdftexcmds 2011/11/29 v0.20 Utility functions of pdfTeX for LuaTeX (HO
)
Package pdftexcmds Info: LuaTeX not detected.
Package pdftexcmds Info: \pdf@primitive is available.
Package pdftexcmds Info: \pdf@ifprimitive is available.
Package pdftexcmds Info: \pdfdraftmode found.
)
Package grffile Info: Option `multidot' is set to `true'.
Package grffile Info: Option `extendedchars' is set to `false'.
Package grffile Info: Option `space' is set to `true'.
Package grffile Info: \Gin@ii of package `graphicx' fixed on input line 486.
)
(./results_report.aux)
\openout1 = `results_report.aux'.

LaTeX Font Info:    Checking defaults for OML/cmm/m/it on input line 11.
LaTeX Font Info:    ... okay on input line 11.
LaTeX Font Info:    Checking defaults for T1/cmr/m/n on input line 11.
LaTeX Font Info:    ... okay on input line 11.
LaTeX Font Info:    Checking defaults for OT1/cmr/m/n on input line 11.
LaTeX Font Info:    ... okay on input line 11.
LaTeX Font Info:    Checking defaults for OMS/cmsy/m/n on input line 11.
LaTeX Font Info:    ... okay on input line 11.
LaTeX Font Info:    Checking defaults for OMX/cmex/m/n on input line 11.
LaTeX Font Info:    ... okay on input line 11.
LaTeX Font Info:    Checking defaults for U/cmr/m/n on input line 11.
LaTeX Font Info:    ... okay on input line 11.

*geometry* driver: auto-detecting
*geometry* detected driver: pdftex
*geometry* verbose mode - [ preamble ] result:
* driver: pdftex
* paper: <default>
* layout: <same size as paper>
* layoutoffset:(h,v)=(0.0pt,0.0pt)
* modes: 
* h-part:(L,W,R)=(42.67912pt, 528.93675pt, 42.67912pt)
* v-part:(T,H,B)=(28.45274pt, 738.0645pt, 28.45274pt)
* \paperwidth=614.295pt
* \paperheight=794.96999pt
* \textwidth=528.93675pt
* \textheight=738.0645pt
* \oddsidemargin=-29.59087pt
* \evensidemargin=-29.59087pt
* \topmargin=-43.81725pt
* \headheight=0.0pt
* \headsep=0.0pt
* \topskip=10.0pt
* \footskip=0.0pt
* \marginparwidth=65.0pt
* \marginparsep=11.0pt
* \columnsep=10.0pt
* \skip\footins=9.0pt plus 4.0pt minus 2.0pt
* \hoffset=0.0pt
* \voffset=0.0pt
* \mag=1000
* \@twocolumnfalse
* \@twosidefalse
* \@mparswitchfalse
* \@reversemarginfalse
* (1in=72.27pt=25.4mm, 1cm=28.453pt)

(/usr/share/texlive/texmf-dist/tex/context/base/supp-pdf.mkii
[Loading MPS to PDF converter (version 2006.09.02).]
\scratchcounter=\count99
\scratchdimen=\dimen126
\scratchbox=\box29
\nofMPsegments=\count100
\nofMParguments=\count101
\everyMPshowfont=\toks19
\MPscratchCnt=\count102
\MPscratchDim=\dimen127
\MPnumerator=\count103
\makeMPintoPDFobject=\count104
\everyMPtoPDFconversion=\toks20
) (/usr/share/texlive/texmf-dist/tex/latex/oberdiek/epstopdf-base.sty
Package: epstopdf-base 2010/02/09 v2.5 Base part for package epstopdf

(/usr/share/texlive/texmf-dist/tex/latex/oberdiek/grfext.sty
Package: grfext 2010/08/19 v1.1 Manage graphics extensions (HO)

(/usr/share/texlive/texmf-dist/tex/generic/oberdiek/kvdefinekeys.sty
Package: kvdefinekeys 2011/04/07 v1.3 Define keys (HO)
))
Package grfext Info: Graphics extension search list:
(grfext)             [.png,.pdf,.jpg,.mps,.jpeg,.jbig2,.jb2,.PNG,.PDF,.JPG,.JPE
G,.JBIG2,.JB2,.eps]
(grfext)             \AppendGraphicsExtensions on input line 452.

(/usr/share/texlive/texmf-dist/tex/latex/latexconfig/epstopdf-sys.cfg
File: epstopdf-sys.cfg 2010/07/13 v1.3 Configuration of (r)epstopdf for TeX Liv
e
))
Package caption Info: Begin \AtBeginDocument code.
Package caption Info: rotating package is loaded.
Package caption Info: End \AtBeginDocument code.
\AtBeginShipoutBox=\box30

(/usr/share/texlive/texmf-dist/tex/latex/oberdiek/pdflscape.sty
Package: pdflscape 2008/08/11 v0.10 Display of landscape pages in PDF (HO)

(/usr/share/texlive/texmf-dist/tex/latex/graphics/lscape.sty
Package: lscape 2000/10/22 v3.01 Landscape Pages (DPC)
)
Package pdflscape Info: Auto-detected driver: pdftex on input line 80.
)

! Package caption Error: \setcaptionsubtype outside float.

See the caption package documentation for explanation.
Type  H <return>  for immediate help.
 ...                                              
                                                  
l.19 \begin{subfigure}[c]{0.50\textwidth}
                                         
If you do not understand this error, please take a closer look
at the documentation of the `caption' package, especially the
section about errors.
Try typing  <return>  to proceed.
If that doesn't work, type  X <return>  to quit.


<~/Desktop/master_project/My_project/MSc_Project/paper_work/se607_results/DM_J0
051+0423.png, id=1, 462.528pt x 346.896pt>
File: ~/Desktop/master_project/My_project/MSc_Project/paper_work/se607_results/
DM_J0051+0423.png Graphic file (type png)

<use ~/Desktop/master_project/My_project/MSc_Project/paper_work/se607_results/D
M_J0051+0423.png>
Package pdftex.def Info: ~/Desktop/master_project/My_project/MSc_Project/paper_
work/se607_results/DM_J0051+0423.png used on input line 20.
(pdftex.def)             Requested size: 264.46837pt x 198.36266pt.
LaTeX Font Info:    External font `cmex10' loaded for size
(Font)              <7> on input line 21.
LaTeX Font Info:    External font `cmex10' loaded for size
(Font)              <5> on input line 21.


! Package caption Error: \setcaptionsubtype outside float.

See the caption package documentation for explanation.
Type  H <return>  for immediate help.
 ...                                              
                                                  
l.23 \begin{subfigure}[c]{0.50\textwidth}
                                         
If you do not understand this error, please take a closer look
at the documentation of the `caption' package, especially the
section about errors.
Try typing  <return>  to proceed.
If that doesn't work, type  X <return>  to quit.


<~/Desktop/master_project/My_project/MSc_Project/paper_work/se607_results/DM_J0
102+6537.png, id=3, 462.528pt x 346.896pt>
File: ~/Desktop/master_project/My_project/MSc_Project/paper_work/se607_results/
DM_J0102+6537.png Graphic file (type png)

<use ~/Desktop/master_project/My_project/MSc_Project/paper_work/se607_results/D
M_J0102+6537.png>
Package pdftex.def Info: ~/Desktop/master_project/My_project/MSc_Project/paper_
work/se607_results/DM_J0102+6537.png used on input line 24.
(pdftex.def)             Requested size: 264.46837pt x 198.36266pt.

Overfull \hbox (15.0254pt too wide) in paragraph at lines 19--26
$[]$   $[]$ 
 []


! Package caption Error: \setcaptionsubtype outside float.

See the caption package documentation for explanation.
Type  H <return>  for immediate help.
 ...                                              
                                                  
l.28 \begin{subfigure}[c]{0.50\textwidth}
                                         
If you do not understand this error, please take a closer look
at the documentation of the `caption' package, especially the
section about errors.
Try typing  <return>  to proceed.
If that doesn't work, type  X <return>  to quit.


<~/Desktop/master_project/My_project/MSc_Project/paper_work/se607_results/DM_J0
335+4555.png, id=4, 462.528pt x 346.896pt>
File: ~/Desktop/master_project/My_project/MSc_Project/paper_work/se607_results/
DM_J0335+4555.png Graphic file (type png)

<use ~/Desktop/master_project/My_project/MSc_Project/paper_work/se607_results/D
M_J0335+4555.png>
Package pdftex.def Info: ~/Desktop/master_project/My_project/MSc_Project/paper_
work/se607_results/DM_J0335+4555.png used on input line 29.
(pdftex.def)             Requested size: 264.46837pt x 198.36266pt.


! Package caption Error: \setcaptionsubtype outside float.

See the caption package documentation for explanation.
Type  H <return>  for immediate help.
 ...                                              
                                                  
l.32 \begin{subfigure}[c]{0.50\textwidth}
                                         
If you do not understand this error, please take a closer look
at the documentation of the `caption' package, especially the
section about errors.
Try typing  <return>  to proceed.
If that doesn't work, type  X <return>  to quit.


<~/Desktop/master_project/My_project/MSc_Project/paper_work/se607_results/DM_J0
540+3207.png, id=5, 462.528pt x 346.896pt>
File: ~/Desktop/master_project/My_project/MSc_Project/paper_work/se607_results/
DM_J0540+3207.png Graphic file (type png)

<use ~/Desktop/master_project/My_project/MSc_Project/paper_work/se607_results/D
M_J0540+3207.png>
Package pdftex.def Info: ~/Desktop/master_project/My_project/MSc_Project/paper_
work/se607_results/DM_J0540+3207.png used on input line 33.
(pdftex.def)             Requested size: 264.46837pt x 198.36266pt.

Overfull \hbox (24.73087pt too wide) in paragraph at lines 28--35
[]$[]$   $[]$ 
 []


! Package caption Error: \setcaptionsubtype outside float.

See the caption package documentation for explanation.
Type  H <return>  for immediate help.
 ...                                              
                                                  
l.38 \begin{subfigure}[c]{0.50\textwidth}
                                         
If you do not understand this error, please take a closer look
at the documentation of the `caption' package, especially the
section about errors.
Try typing  <return>  to proceed.
If that doesn't work, type  X <return>  to quit.


<~/Desktop/master_project/My_project/MSc_Project/paper_work/se607_results/DM_J0
546+2441.png, id=6, 462.528pt x 346.896pt>
File: ~/Desktop/master_project/My_project/MSc_Project/paper_work/se607_results/
DM_J0546+2441.png Graphic file (type png)

<use ~/Desktop/master_project/My_project/MSc_Project/paper_work/se607_results/D
M_J0546+2441.png>
Package pdftex.def Info: ~/Desktop/master_project/My_project/MSc_Project/paper_
work/se607_results/DM_J0546+2441.png used on input line 39.
(pdftex.def)             Requested size: 264.46837pt x 198.36266pt.


! Package caption Error: \setcaptionsubtype outside float.

See the caption package documentation for explanation.
Type  H <return>  for immediate help.
 ...                                              
                                                  
l.42 \begin{subfigure}[c]{0.50\textwidth}
                                         
If you do not understand this error, please take a closer look
at the documentation of the `caption' package, especially the
section about errors.
Try typing  <return>  to proceed.
If that doesn't work, type  X <return>  to quit.


<~/Desktop/master_project/My_project/MSc_Project/paper_work/se607_results/DM_J0
700+6418.png, id=7, 462.528pt x 346.896pt>
File: ~/Desktop/master_project/My_project/MSc_Project/paper_work/se607_results/
DM_J0700+6418.png Graphic file (type png)

<use ~/Desktop/master_project/My_project/MSc_Project/paper_work/se607_results/D
M_J0700+6418.png>
Package pdftex.def Info: ~/Desktop/master_project/My_project/MSc_Project/paper_
work/se607_results/DM_J0700+6418.png used on input line 43.
(pdftex.def)             Requested size: 264.46837pt x 198.36266pt.

Overfull \hbox (30.0254pt too wide) in paragraph at lines 38--45
[]$[]$   $[]$ 
 []


! Package caption Error: \setcaptionsubtype outside float.

See the caption package documentation for explanation.
Type  H <return>  for immediate help.
 ...                                              
                                                  
l.47 \begin{subfigure}[c]{0.50\textwidth}
                                         
If you do not understand this error, please take a closer look
at the documentation of the `caption' package, especially the
section about errors.
Try typing  <return>  to proceed.
If that doesn't work, type  X <return>  to quit.


<~/Desktop/master_project/My_project/MSc_Project/paper_work/se607_results/DM_J0
815+4611.png, id=8, 462.528pt x 346.896pt>
File: ~/Desktop/master_project/My_project/MSc_Project/paper_work/se607_results/
DM_J0815+4611.png Graphic file (type png)

<use ~/Desktop/master_project/My_project/MSc_Project/paper_work/se607_results/D
M_J0815+4611.png>
Package pdftex.def Info: ~/Desktop/master_project/My_project/MSc_Project/paper_
work/se607_results/DM_J0815+4611.png used on input line 48.
(pdftex.def)             Requested size: 264.46837pt x 198.36266pt.


! Package caption Error: \setcaptionsubtype outside float.

See the caption package documentation for explanation.
Type  H <return>  for immediate help.
 ...                                              
                                                  
l.51 \begin{subfigure}[c]{0.50\textwidth}
                                         
If you do not understand this error, please take a closer look
at the documentation of the `caption' package, especially the
section about errors.
Try typing  <return>  to proceed.
If that doesn't work, type  X <return>  to quit.


<~/Desktop/master_project/My_project/MSc_Project/paper_work/se607_results/DM_J0
921+6254.png, id=9, 462.528pt x 346.896pt>
File: ~/Desktop/master_project/My_project/MSc_Project/paper_work/se607_results/
DM_J0921+6254.png Graphic file (type png)

<use ~/Desktop/master_project/My_project/MSc_Project/paper_work/se607_results/D
M_J0921+6254.png>
Package pdftex.def Info: ~/Desktop/master_project/My_project/MSc_Project/paper_
work/se607_results/DM_J0921+6254.png used on input line 52.
(pdftex.def)             Requested size: 264.46837pt x 198.36266pt.

Overfull \hbox (30.0254pt too wide) in paragraph at lines 47--54
[]$[]$   $[]$ 
 []

[1

{/var/lib/texmf/fonts/map/pdftex/updmap/pdftex.map} </home/abubakar/Desktop/mas
ter_project/My_project/MSc_Project/paper_work/se607_results/DM_J0051+0423.png> 
</home/abubakar/Desktop/master_project/My_project/MSc_Project/paper_work/se607_
results/DM_J0102+6537.png> </home/abubakar/Desktop/master_project/My_project/MS
c_Project/paper_work/se607_results/DM_J0335+4555.png> </home/abubakar/Desktop/m
aster_project/My_project/MSc_Project/paper_work/se607_results/DM_J0540+3207.png
> </home/abubakar/Desktop/master_project/My_project/MSc_Project/paper_work/se60
7_results/DM_J0546+2441.png> </home/abubakar/Desktop/master_project/My_project/
MSc_Project/paper_work/se607_results/DM_J0700+6418.png>]

! Package caption Error: \setcaptionsubtype outside float.

See the caption package documentation for explanation.
Type  H <return>  for immediate help.
 ...                                              
                                                  
l.57 \begin{subfigure}[c]{0.50\textwidth}
                                         
If you do not understand this error, please take a closer look
at the documentation of the `caption' package, especially the
section about errors.
Try typing  <return>  to proceed.
If that doesn't work, type  X <return>  to quit.


<~/Desktop/master_project/My_project/MSc_Project/paper_work/se607_results/DM_J1
115+5030.png, id=22, 462.528pt x 346.896pt>
File: ~/Desktop/master_project/My_project/MSc_Project/paper_work/se607_results/
DM_J1115+5030.png Graphic file (type png)

<use ~/Desktop/master_project/My_project/MSc_Project/paper_work/se607_results/D
M_J1115+5030.png>
Package pdftex.def Info: ~/Desktop/master_project/My_project/MSc_Project/paper_
work/se607_results/DM_J1115+5030.png used on input line 58.
(pdftex.def)             Requested size: 264.46837pt x 198.36266pt.


! Package caption Error: \setcaptionsubtype outside float.

See the caption package documentation for explanation.
Type  H <return>  for immediate help.
 ...                                              
                                                  
l.61 \begin{subfigure}[c]{0.50\textwidth}
                                         
If you do not understand this error, please take a closer look
at the documentation of the `caption' package, especially the
section about errors.
Try typing  <return>  to proceed.
If that doesn't work, type  X <return>  to quit.


<~/Desktop/master_project/My_project/MSc_Project/paper_work/se607_results/DM_J1
321+8323.png, id=23, 462.528pt x 346.896pt>
File: ~/Desktop/master_project/My_project/MSc_Project/paper_work/se607_results/
DM_J1321+8323.png Graphic file (type png)

<use ~/Desktop/master_project/My_project/MSc_Project/paper_work/se607_results/D
M_J1321+8323.png>
Package pdftex.def Info: ~/Desktop/master_project/My_project/MSc_Project/paper_
work/se607_results/DM_J1321+8323.png used on input line 62.
(pdftex.def)             Requested size: 264.46837pt x 198.36266pt.

Overfull \hbox (30.0254pt too wide) in paragraph at lines 57--64
[]$[]$   $[]$ 
 []


! Package caption Error: \setcaptionsubtype outside float.

See the caption package documentation for explanation.
Type  H <return>  for immediate help.
 ...                                              
                                                  
l.67 \begin{subfigure}[c]{0.50\textwidth}
                                         
If you do not understand this error, please take a closer look
at the documentation of the `caption' package, especially the
section about errors.
Try typing  <return>  to proceed.
If that doesn't work, type  X <return>  to quit.


<~/Desktop/master_project/My_project/MSc_Project/paper_work/se607_results/DM_J1
840+5640.png, id=24, 462.528pt x 346.896pt>
File: ~/Desktop/master_project/My_project/MSc_Project/paper_work/se607_results/
DM_J1840+5640.png Graphic file (type png)

<use ~/Desktop/master_project/My_project/MSc_Project/paper_work/se607_results/D
M_J1840+5640.png>
Package pdftex.def Info: ~/Desktop/master_project/My_project/MSc_Project/paper_
work/se607_results/DM_J1840+5640.png used on input line 68.
(pdftex.def)             Requested size: 264.46837pt x 198.36266pt.


! Package caption Error: \setcaptionsubtype outside float.

See the caption package documentation for explanation.
Type  H <return>  for immediate help.
 ...                                              
                                                  
l.71 \begin{subfigure}[c]{0.50\textwidth}
                                         
If you do not understand this error, please take a closer look
at the documentation of the `caption' package, especially the
section about errors.
Try typing  <return>  to proceed.
If that doesn't work, type  X <return>  to quit.


<~/Desktop/master_project/My_project/MSc_Project/paper_work/se607_results/DM_J1
955+5059.png, id=25, 462.528pt x 346.896pt>
File: ~/Desktop/master_project/My_project/MSc_Project/paper_work/se607_results/
DM_J1955+5059.png Graphic file (type png)

<use ~/Desktop/master_project/My_project/MSc_Project/paper_work/se607_results/D
M_J1955+5059.png>
Package pdftex.def Info: ~/Desktop/master_project/My_project/MSc_Project/paper_
work/se607_results/DM_J1955+5059.png used on input line 72.
(pdftex.def)             Requested size: 264.46837pt x 198.36266pt.

Overfull \hbox (30.0254pt too wide) in paragraph at lines 67--74
[]$[]$   $[]$ 
 []


! Package caption Error: \setcaptionsubtype outside float.

See the caption package documentation for explanation.
Type  H <return>  for immediate help.
 ...                                              
                                                  
l.77 \begin{subfigure}[c]{0.50\textwidth}
                                         
If you do not understand this error, please take a closer look
at the documentation of the `caption' package, especially the
section about errors.
Try typing  <return>  to proceed.
If that doesn't work, type  X <return>  to quit.


<~/Desktop/master_project/My_project/MSc_Project/paper_work/se607_results/DM_J2
321+6024.png, id=26, 462.528pt x 346.896pt>
File: ~/Desktop/master_project/My_project/MSc_Project/paper_work/se607_results/
DM_J2321+6024.png Graphic file (type png)

<use ~/Desktop/master_project/My_project/MSc_Project/paper_work/se607_results/D
M_J2321+6024.png>
Package pdftex.def Info: ~/Desktop/master_project/My_project/MSc_Project/paper_
work/se607_results/DM_J2321+6024.png used on input line 78.
(pdftex.def)             Requested size: 264.46837pt x 198.36266pt.


! Package caption Error: \setcaptionsubtype outside float.

See the caption package documentation for explanation.
Type  H <return>  for immediate help.
 ...                                              
                                                  
l.81 \begin{subfigure}[c]{0.50\textwidth}
                                         
If you do not understand this error, please take a closer look
at the documentation of the `caption' package, especially the
section about errors.
Try typing  <return>  to proceed.
If that doesn't work, type  X <return>  to quit.

[2 </home/abubakar/Desktop/master_project/My_project/MSc_Project/paper_work/se6
07_results/DM_J0815+4611.png> </home/abubakar/Desktop/master_project/My_project
/MSc_Project/paper_work/se607_results/DM_J0921+6254.png> </home/abubakar/Deskto
p/master_project/My_project/MSc_Project/paper_work/se607_results/DM_J1115+5030.
png> </home/abubakar/Desktop/master_project/My_project/MSc_Project/paper_work/s
e607_results/DM_J1321+8323.png> </home/abubakar/Desktop/master_project/My_proje
ct/MSc_Project/paper_work/se607_results/DM_J1840+5640.png> </home/abubakar/Desk
top/master_project/My_project/MSc_Project/paper_work/se607_results/DM_J1955+505
9.png>] [3 </home/abubakar/Desktop/master_project/My_project/MSc_Project/paper_
work/se607_results/DM_J2321+6024.png>]

! Package caption Error: \setcaptionsubtype outside float.

See the caption package documentation for explanation.
Type  H <return>  for immediate help.
 ...                                              
                                                  
l.91 \begin{subfigure}[c]{0.50\textwidth}
                                         
If you do not understand this error, please take a closer look
at the documentation of the `caption' package, especially the
section about errors.
Try typing  <return>  to proceed.
If that doesn't work, type  X <return>  to quit.


<~/Desktop/master_project/My_project/MSc_Project/paper_work/se607_results/J0051
+0423__profile_evolution.png, id=40, 462.528pt x 346.896pt>
File: ~/Desktop/master_project/My_project/MSc_Project/paper_work/se607_results/
J0051+0423__profile_evolution.png Graphic file (type png)

<use ~/Desktop/master_project/My_project/MSc_Project/paper_work/se607_results/J
0051+0423__profile_evolution.png>
Package pdftex.def Info: ~/Desktop/master_project/My_project/MSc_Project/paper_
work/se607_results/J0051+0423__profile_evolution.png used on input line 92.
(pdftex.def)             Requested size: 264.46837pt x 198.36266pt.


! Package caption Error: \setcaptionsubtype outside float.

See the caption package documentation for explanation.
Type  H <return>  for immediate help.
 ...                                              
                                                  
l.95 \begin{subfigure}[c]{0.50\textwidth}
                                         
If you do not understand this error, please take a closer look
at the documentation of the `caption' package, especially the
section about errors.
Try typing  <return>  to proceed.
If that doesn't work, type  X <return>  to quit.


<~/Desktop/master_project/My_project/MSc_Project/paper_work/se607_results/J0102
+6537_profile_evolution.png, id=41, 462.528pt x 346.896pt>
File: ~/Desktop/master_project/My_project/MSc_Project/paper_work/se607_results/
J0102+6537_profile_evolution.png Graphic file (type png)

<use ~/Desktop/master_project/My_project/MSc_Project/paper_work/se607_results/J
0102+6537_profile_evolution.png>
Package pdftex.def Info: ~/Desktop/master_project/My_project/MSc_Project/paper_
work/se607_results/J0102+6537_profile_evolution.png used on input line 96.
(pdftex.def)             Requested size: 264.46837pt x 198.36266pt.

Overfull \hbox (15.0254pt too wide) in paragraph at lines 91--98
$[]$   $[]$ 
 []


! Package caption Error: \setcaptionsubtype outside float.

See the caption package documentation for explanation.
Type  H <return>  for immediate help.
 ...                                              
                                                  
l.102 \begin{subfigure}[c]{0.50\textwidth}
                                          
If you do not understand this error, please take a closer look
at the documentation of the `caption' package, especially the
section about errors.
Try typing  <return>  to proceed.
If that doesn't work, type  X <return>  to quit.


<~/Desktop/master_project/My_project/MSc_Project/paper_work/se607_results/J0335
+4555_profile_evolution.png, id=42, 462.528pt x 346.896pt>
File: ~/Desktop/master_project/My_project/MSc_Project/paper_work/se607_results/
J0335+4555_profile_evolution.png Graphic file (type png)

<use ~/Desktop/master_project/My_project/MSc_Project/paper_work/se607_results/J
0335+4555_profile_evolution.png>
Package pdftex.def Info: ~/Desktop/master_project/My_project/MSc_Project/paper_
work/se607_results/J0335+4555_profile_evolution.png used on input line 103.
(pdftex.def)             Requested size: 264.46837pt x 198.36266pt.


! Package caption Error: \setcaptionsubtype outside float.

See the caption package documentation for explanation.
Type  H <return>  for immediate help.
 ...                                              
                                                  
l.106 \begin{subfigure}[c]{0.50\textwidth}
                                          
If you do not understand this error, please take a closer look
at the documentation of the `caption' package, especially the
section about errors.
Try typing  <return>  to proceed.
If that doesn't work, type  X <return>  to quit.


<~/Desktop/master_project/My_project/MSc_Project/paper_work/se607_results/J0540
+3207_profile_evolution.png, id=43, 462.528pt x 346.896pt>
File: ~/Desktop/master_project/My_project/MSc_Project/paper_work/se607_results/
J0540+3207_profile_evolution.png Graphic file (type png)

<use ~/Desktop/master_project/My_project/MSc_Project/paper_work/se607_results/J
0540+3207_profile_evolution.png>
Package pdftex.def Info: ~/Desktop/master_project/My_project/MSc_Project/paper_
work/se607_results/J0540+3207_profile_evolution.png used on input line 107.
(pdftex.def)             Requested size: 264.46837pt x 198.36266pt.

Overfull \hbox (30.0254pt too wide) in paragraph at lines 102--109
[]$[]$   $[]$ 
 []


! Package caption Error: \setcaptionsubtype outside float.

See the caption package documentation for explanation.
Type  H <return>  for immediate help.
 ...                                              
                                                  
l.112 \begin{subfigure}[c]{0.50\textwidth}
                                          
If you do not understand this error, please take a closer look
at the documentation of the `caption' package, especially the
section about errors.
Try typing  <return>  to proceed.
If that doesn't work, type  X <return>  to quit.


<~/Desktop/master_project/My_project/MSc_Project/paper_work/se607_results/J0546
+2441_profile_evolution.png, id=44, 462.528pt x 346.896pt>
File: ~/Desktop/master_project/My_project/MSc_Project/paper_work/se607_results/
J0546+2441_profile_evolution.png Graphic file (type png)

<use ~/Desktop/master_project/My_project/MSc_Project/paper_work/se607_results/J
0546+2441_profile_evolution.png>
Package pdftex.def Info: ~/Desktop/master_project/My_project/MSc_Project/paper_
work/se607_results/J0546+2441_profile_evolution.png used on input line 113.
(pdftex.def)             Requested size: 264.46837pt x 198.36266pt.


! Package caption Error: \setcaptionsubtype outside float.

See the caption package documentation for explanation.
Type  H <return>  for immediate help.
 ...                                              
                                                  
l.116 \begin{subfigure}[c]{0.50\textwidth}
                                          
If you do not understand this error, please take a closer look
at the documentation of the `caption' package, especially the
section about errors.
Try typing  <return>  to proceed.
If that doesn't work, type  X <return>  to quit.


<~/Desktop/master_project/My_project/MSc_Project/paper_work/se607_results/J0700
+6418_profile_evolution.png, id=45, 462.528pt x 346.896pt>
File: ~/Desktop/master_project/My_project/MSc_Project/paper_work/se607_results/
J0700+6418_profile_evolution.png Graphic file (type png)

<use ~/Desktop/master_project/My_project/MSc_Project/paper_work/se607_results/J
0700+6418_profile_evolution.png>
Package pdftex.def Info: ~/Desktop/master_project/My_project/MSc_Project/paper_
work/se607_results/J0700+6418_profile_evolution.png used on input line 117.
(pdftex.def)             Requested size: 264.46837pt x 198.36266pt.

Overfull \hbox (30.0254pt too wide) in paragraph at lines 112--119
[]$[]$   $[]$ 
 []


! Package caption Error: \setcaptionsubtype outside float.

See the caption package documentation for explanation.
Type  H <return>  for immediate help.
 ...                                              
                                                  
l.123 \begin{subfigure}[c]{0.50\textwidth}
                                          
If you do not understand this error, please take a closer look
at the documentation of the `caption' package, especially the
section about errors.
Try typing  <return>  to proceed.
If that doesn't work, type  X <return>  to quit.


<~/Desktop/master_project/My_project/MSc_Project/paper_work/se607_results/J0815
+4611_profile_evolution.png, id=46, 462.528pt x 346.896pt>
File: ~/Desktop/master_project/My_project/MSc_Project/paper_work/se607_results/
J0815+4611_profile_evolution.png Graphic file (type png)

<use ~/Desktop/master_project/My_project/MSc_Project/paper_work/se607_results/J
0815+4611_profile_evolution.png>
Package pdftex.def Info: ~/Desktop/master_project/My_project/MSc_Project/paper_
work/se607_results/J0815+4611_profile_evolution.png used on input line 124.
(pdftex.def)             Requested size: 264.46837pt x 198.36266pt.


! Package caption Error: \setcaptionsubtype outside float.

See the caption package documentation for explanation.
Type  H <return>  for immediate help.
 ...                                              
                                                  
l.127 \begin{subfigure}[c]{0.50\textwidth}
                                          
If you do not understand this error, please take a closer look
at the documentation of the `caption' package, especially the
section about errors.
Try typing  <return>  to proceed.
If that doesn't work, type  X <return>  to quit.


<~/Desktop/master_project/My_project/MSc_Project/paper_work/se607_results/J0921
+6254_profile_evolution.png, id=47, 462.528pt x 346.896pt>
File: ~/Desktop/master_project/My_project/MSc_Project/paper_work/se607_results/
J0921+6254_profile_evolution.png Graphic file (type png)

<use ~/Desktop/master_project/My_project/MSc_Project/paper_work/se607_results/J
0921+6254_profile_evolution.png>
Package pdftex.def Info: ~/Desktop/master_project/My_project/MSc_Project/paper_
work/se607_results/J0921+6254_profile_evolution.png used on input line 128.
(pdftex.def)             Requested size: 264.46837pt x 198.36266pt.

Overfull \hbox (30.0254pt too wide) in paragraph at lines 123--130
[]$[]$   $[]$ 
 []

[4 </home/abubakar/Desktop/master_project/My_project/MSc_Project/paper_work/se6
07_results/J0051+0423__profile_evolution.png> </home/abubakar/Desktop/master_pr
oject/My_project/MSc_Project/paper_work/se607_results/J0102+6537_profile_evolut
ion.png> </home/abubakar/Desktop/master_project/My_project/MSc_Project/paper_wo
rk/se607_results/J0335+4555_profile_evolution.png> </home/abubakar/Desktop/mast
er_project/My_project/MSc_Project/paper_work/se607_results/J0540+3207_profile_e
volution.png> </home/abubakar/Desktop/master_project/My_project/MSc_Project/pap
er_work/se607_results/J0546+2441_profile_evolution.png> </home/abubakar/Desktop
/master_project/My_project/MSc_Project/paper_work/se607_results/J0700+6418_prof
ile_evolution.png>]

! Package caption Error: \setcaptionsubtype outside float.

See the caption package documentation for explanation.
Type  H <return>  for immediate help.
 ...                                              
                                                  
l.133 \begin{subfigure}[c]{0.50\textwidth}
                                          
If you do not understand this error, please take a closer look
at the documentation of the `caption' package, especially the
section about errors.
Try typing  <return>  to proceed.
If that doesn't work, type  X <return>  to quit.


<~/Desktop/master_project/My_project/MSc_Project/paper_work/se607_results/J1115
+5030_profile_evolution.png, id=57, 462.528pt x 346.896pt>
File: ~/Desktop/master_project/My_project/MSc_Project/paper_work/se607_results/
J1115+5030_profile_evolution.png Graphic file (type png)

<use ~/Desktop/master_project/My_project/MSc_Project/paper_work/se607_results/J
1115+5030_profile_evolution.png>
Package pdftex.def Info: ~/Desktop/master_project/My_project/MSc_Project/paper_
work/se607_results/J1115+5030_profile_evolution.png used on input line 134.
(pdftex.def)             Requested size: 264.46837pt x 198.36266pt.


! Package caption Error: \setcaptionsubtype outside float.

See the caption package documentation for explanation.
Type  H <return>  for immediate help.
 ...                                              
                                                  
l.137 \begin{subfigure}[c]{0.50\textwidth}
                                          
If you do not understand this error, please take a closer look
at the documentation of the `caption' package, especially the
section about errors.
Try typing  <return>  to proceed.
If that doesn't work, type  X <return>  to quit.


<~/Desktop/master_project/My_project/MSc_Project/paper_work/se607_results/J1321
+8323_profile_evolution.png, id=58, 462.528pt x 346.896pt>
File: ~/Desktop/master_project/My_project/MSc_Project/paper_work/se607_results/
J1321+8323_profile_evolution.png Graphic file (type png)

<use ~/Desktop/master_project/My_project/MSc_Project/paper_work/se607_results/J
1321+8323_profile_evolution.png>
Package pdftex.def Info: ~/Desktop/master_project/My_project/MSc_Project/paper_
work/se607_results/J1321+8323_profile_evolution.png used on input line 138.
(pdftex.def)             Requested size: 264.46837pt x 198.36266pt.

Overfull \hbox (30.0254pt too wide) in paragraph at lines 133--140
[]$[]$   $[]$ 
 []


! Package caption Error: \setcaptionsubtype outside float.

See the caption package documentation for explanation.
Type  H <return>  for immediate help.
 ...                                              
                                                  
l.143 \begin{subfigure}[c]{0.5\textwidth}
                                         
If you do not understand this error, please take a closer look
at the documentation of the `caption' package, especially the
section about errors.
Try typing  <return>  to proceed.
If that doesn't work, type  X <return>  to quit.


<~/Desktop/master_project/My_project/MSc_Project/paper_work/se607_results/J1840
+5640_profile_evolution.png, id=59, 462.528pt x 346.896pt>
File: ~/Desktop/master_project/My_project/MSc_Project/paper_work/se607_results/
J1840+5640_profile_evolution.png Graphic file (type png)

<use ~/Desktop/master_project/My_project/MSc_Project/paper_work/se607_results/J
1840+5640_profile_evolution.png>
Package pdftex.def Info: ~/Desktop/master_project/My_project/MSc_Project/paper_
work/se607_results/J1840+5640_profile_evolution.png used on input line 144.
(pdftex.def)             Requested size: 264.46837pt x 198.36266pt.


! Package caption Error: \setcaptionsubtype outside float.

See the caption package documentation for explanation.
Type  H <return>  for immediate help.
 ...                                              
                                                  
l.147 \begin{subfigure}[c]{0.50\textwidth}
                                          
If you do not understand this error, please take a closer look
at the documentation of the `caption' package, especially the
section about errors.
Try typing  <return>  to proceed.
If that doesn't work, type  X <return>  to quit.


<~/Desktop/master_project/My_project/MSc_Project/paper_work/se607_results/J1955
+5059_profile_evolution.png, id=60, 462.528pt x 346.896pt>
File: ~/Desktop/master_project/My_project/MSc_Project/paper_work/se607_results/
J1955+5059_profile_evolution.png Graphic file (type png)

<use ~/Desktop/master_project/My_project/MSc_Project/paper_work/se607_results/J
1955+5059_profile_evolution.png>
Package pdftex.def Info: ~/Desktop/master_project/My_project/MSc_Project/paper_
work/se607_results/J1955+5059_profile_evolution.png used on input line 148.
(pdftex.def)             Requested size: 264.46837pt x 198.36266pt.

Overfull \hbox (30.0254pt too wide) in paragraph at lines 143--150
[]$[]$   $[]$ 
 []


! Package caption Error: \setcaptionsubtype outside float.

See the caption package documentation for explanation.
Type  H <return>  for immediate help.
 ...                                              
                                                  
l.154 \begin{subfigure}[c]{0.50\textwidth}
                                          
If you do not understand this error, please take a closer look
at the documentation of the `caption' package, especially the
section about errors.
Try typing  <return>  to proceed.
If that doesn't work, type  X <return>  to quit.


<~/Desktop/master_project/My_project/MSc_Project/paper_work/se607_results/J2321
+6024_profile_evolution.png, id=61, 462.528pt x 346.896pt>
File: ~/Desktop/master_project/My_project/MSc_Project/paper_work/se607_results/
J2321+6024_profile_evolution.png Graphic file (type png)

<use ~/Desktop/master_project/My_project/MSc_Project/paper_work/se607_results/J
2321+6024_profile_evolution.png>
Package pdftex.def Info: ~/Desktop/master_project/My_project/MSc_Project/paper_
work/se607_results/J2321+6024_profile_evolution.png used on input line 155.
(pdftex.def)             Requested size: 264.46837pt x 198.36266pt.


! Package caption Error: \setcaptionsubtype outside float.

See the caption package documentation for explanation.
Type  H <return>  for immediate help.
 ...                                              
                                                  
l.158 \begin{subfigure}[c]{0.50\textwidth}
                                          
If you do not understand this error, please take a closer look
at the documentation of the `caption' package, especially the
section about errors.
Try typing  <return>  to proceed.
If that doesn't work, type  X <return>  to quit.


<~/Desktop/master_project/My_project/MSc_Project/paper_work/se607_results/J2321
+6024_F5_profile_evolution.png, id=62, 462.528pt x 346.896pt>
File: ~/Desktop/master_project/My_project/MSc_Project/paper_work/se607_results/
J2321+6024_F5_profile_evolution.png Graphic file (type png)

<use ~/Desktop/master_project/My_project/MSc_Project/paper_work/se607_results/J
2321+6024_F5_profile_evolution.png>
Package pdftex.def Info: ~/Desktop/master_project/My_project/MSc_Project/paper_
work/se607_results/J2321+6024_F5_profile_evolution.png used on input line 159.
(pdftex.def)             Requested size: 264.46837pt x 198.36266pt.

Overfull \hbox (30.0254pt too wide) in paragraph at lines 154--161
[]$[]$   $[]$ 
 []

[5 </home/abubakar/Desktop/master_project/My_project/MSc_Project/paper_work/se6
07_results/J0815+4611_profile_evolution.png> </home/abubakar/Desktop/master_pro
ject/My_project/MSc_Project/paper_work/se607_results/J0921+6254_profile_evoluti
on.png> </home/abubakar/Desktop/master_project/My_project/MSc_Project/paper_wor
k/se607_results/J1115+5030_profile_evolution.png> </home/abubakar/Desktop/maste
r_project/My_project/MSc_Project/paper_work/se607_results/J1321+8323_profile_ev
olution.png> </home/abubakar/Desktop/master_project/My_project/MSc_Project/pape
r_work/se607_results/J1840+5640_profile_evolution.png> </home/abubakar/Desktop/
master_project/My_project/MSc_Project/paper_work/se607_results/J1955+5059_profi
le_evolution.png>] [6 </home/abubakar/Desktop/master_project/My_project/MSc_Pro
ject/paper_work/se607_results/J2321+6024_profile_evolution.png> </home/abubakar
/Desktop/master_project/My_project/MSc_Project/paper_work/se607_results/J2321+6
024_F5_profile_evolution.png>]

! Package caption Error: \setcaptionsubtype outside float.

See the caption package documentation for explanation.
Type  H <return>  for immediate help.
 ...                                              
                                                  
l.169 \begin{subfigure}[c]{0.50\textwidth}
                                          
If you do not understand this error, please take a closer look
at the documentation of the `caption' package, especially the
section about errors.
Try typing  <return>  to proceed.
If that doesn't work, type  X <return>  to quit.


<~/Desktop/master_project/My_project/MSc_Project/paper_work/se607_results/J0051
+0423_tmplate-freq.png, id=77, 853.1875pt x 682.55pt>
File: ~/Desktop/master_project/My_project/MSc_Project/paper_work/se607_results/
J0051+0423_tmplate-freq.png Graphic file (type png)

<use ~/Desktop/master_project/My_project/MSc_Project/paper_work/se607_results/J
0051+0423_tmplate-freq.png>
Package pdftex.def Info: ~/Desktop/master_project/My_project/MSc_Project/paper_
work/se607_results/J0051+0423_tmplate-freq.png used on input line 170.
(pdftex.def)             Requested size: 264.46837pt x 211.5779pt.


! Package caption Error: \setcaptionsubtype outside float.

See the caption package documentation for explanation.
Type  H <return>  for immediate help.
 ...                                              
                                                  
l.173 \begin{subfigure}[c]{0.50\textwidth}
                                          
If you do not understand this error, please take a closer look
at the documentation of the `caption' package, especially the
section about errors.
Try typing  <return>  to proceed.
If that doesn't work, type  X <return>  to quit.


<~/Desktop/master_project/My_project/MSc_Project/paper_work/se607_results/J0102
+6537_template-freq.png, id=78, 853.1875pt x 682.55pt>
File: ~/Desktop/master_project/My_project/MSc_Project/paper_work/se607_results/
J0102+6537_template-freq.png Graphic file (type png)

<use ~/Desktop/master_project/My_project/MSc_Project/paper_work/se607_results/J
0102+6537_template-freq.png>
Package pdftex.def Info: ~/Desktop/master_project/My_project/MSc_Project/paper_
work/se607_results/J0102+6537_template-freq.png used on input line 174.
(pdftex.def)             Requested size: 264.46837pt x 211.5779pt.

Overfull \hbox (15.0254pt too wide) in paragraph at lines 169--176
$[]$   $[]$ 
 []


! Package caption Error: \setcaptionsubtype outside float.

See the caption package documentation for explanation.
Type  H <return>  for immediate help.
 ...                                              
                                                  
l.180 \begin{subfigure}[c]{0.50\textwidth}
                                          
If you do not understand this error, please take a closer look
at the documentation of the `caption' package, especially the
section about errors.
Try typing  <return>  to proceed.
If that doesn't work, type  X <return>  to quit.


<~/Desktop/master_project/My_project/MSc_Project/paper_work/se607_results/J0335
+4555_template-freq.png, id=79, 853.1875pt x 682.55pt>
File: ~/Desktop/master_project/My_project/MSc_Project/paper_work/se607_results/
J0335+4555_template-freq.png Graphic file (type png)

<use ~/Desktop/master_project/My_project/MSc_Project/paper_work/se607_results/J
0335+4555_template-freq.png>
Package pdftex.def Info: ~/Desktop/master_project/My_project/MSc_Project/paper_
work/se607_results/J0335+4555_template-freq.png used on input line 181.
(pdftex.def)             Requested size: 264.46837pt x 211.5779pt.


! Package caption Error: \setcaptionsubtype outside float.

See the caption package documentation for explanation.
Type  H <return>  for immediate help.
 ...                                              
                                                  
l.184 \begin{subfigure}[c]{0.50\textwidth}
                                          
If you do not understand this error, please take a closer look
at the documentation of the `caption' package, especially the
section about errors.
Try typing  <return>  to proceed.
If that doesn't work, type  X <return>  to quit.


<~/Desktop/master_project/My_project/MSc_Project/paper_work/se607_results/J0540
+3207_tmplate-freq.png, id=80, 853.1875pt x 682.55pt>
File: ~/Desktop/master_project/My_project/MSc_Project/paper_work/se607_results/
J0540+3207_tmplate-freq.png Graphic file (type png)

<use ~/Desktop/master_project/My_project/MSc_Project/paper_work/se607_results/J
0540+3207_tmplate-freq.png>
Package pdftex.def Info: ~/Desktop/master_project/My_project/MSc_Project/paper_
work/se607_results/J0540+3207_tmplate-freq.png used on input line 185.
(pdftex.def)             Requested size: 264.46837pt x 211.5779pt.

Overfull \hbox (30.0254pt too wide) in paragraph at lines 180--187
[]$[]$   $[]$ 
 []


! Package caption Error: \setcaptionsubtype outside float.

See the caption package documentation for explanation.
Type  H <return>  for immediate help.
 ...                                              
                                                  
l.190 \begin{subfigure}[c]{0.50\textwidth}
                                          
If you do not understand this error, please take a closer look
at the documentation of the `caption' package, especially the
section about errors.
Try typing  <return>  to proceed.
If that doesn't work, type  X <return>  to quit.


<~/Desktop/master_project/My_project/MSc_Project/paper_work/se607_results/J0546
+2441_tmplate-freq.png, id=81, 853.1875pt x 682.55pt>
File: ~/Desktop/master_project/My_project/MSc_Project/paper_work/se607_results/
J0546+2441_tmplate-freq.png Graphic file (type png)

<use ~/Desktop/master_project/My_project/MSc_Project/paper_work/se607_results/J
0546+2441_tmplate-freq.png>
Package pdftex.def Info: ~/Desktop/master_project/My_project/MSc_Project/paper_
work/se607_results/J0546+2441_tmplate-freq.png used on input line 191.
(pdftex.def)             Requested size: 264.46837pt x 211.5779pt.


! Package caption Error: \setcaptionsubtype outside float.

See the caption package documentation for explanation.
Type  H <return>  for immediate help.
 ...                                              
                                                  
l.194 \begin{subfigure}[c]{0.50\textwidth}
                                          
If you do not understand this error, please take a closer look
at the documentation of the `caption' package, especially the
section about errors.
Try typing  <return>  to proceed.
If that doesn't work, type  X <return>  to quit.


<~/Desktop/master_project/My_project/MSc_Project/paper_work/se607_results/J0700
+6418_template-freq.png, id=82, 853.1875pt x 682.55pt>
File: ~/Desktop/master_project/My_project/MSc_Project/paper_work/se607_results/
J0700+6418_template-freq.png Graphic file (type png)

<use ~/Desktop/master_project/My_project/MSc_Project/paper_work/se607_results/J
0700+6418_template-freq.png>
Package pdftex.def Info: ~/Desktop/master_project/My_project/MSc_Project/paper_
work/se607_results/J0700+6418_template-freq.png used on input line 195.
(pdftex.def)             Requested size: 264.46837pt x 211.5779pt.

Overfull \hbox (30.0254pt too wide) in paragraph at lines 190--197
[]$[]$   $[]$ 
 []


! Package caption Error: \setcaptionsubtype outside float.

See the caption package documentation for explanation.
Type  H <return>  for immediate help.
 ...                                              
                                                  
l.201 \begin{subfigure}[c]{0.50\textwidth}
                                          
If you do not understand this error, please take a closer look
at the documentation of the `caption' package, especially the
section about errors.
Try typing  <return>  to proceed.
If that doesn't work, type  X <return>  to quit.


<~/Desktop/master_project/My_project/MSc_Project/paper_work/se607_results/J0815
+4611_tmplate-freq.png, id=83, 853.1875pt x 682.55pt>
File: ~/Desktop/master_project/My_project/MSc_Project/paper_work/se607_results/
J0815+4611_tmplate-freq.png Graphic file (type png)

<use ~/Desktop/master_project/My_project/MSc_Project/paper_work/se607_results/J
0815+4611_tmplate-freq.png>
Package pdftex.def Info: ~/Desktop/master_project/My_project/MSc_Project/paper_
work/se607_results/J0815+4611_tmplate-freq.png used on input line 202.
(pdftex.def)             Requested size: 264.46837pt x 211.5779pt.


! Package caption Error: \setcaptionsubtype outside float.

See the caption package documentation for explanation.
Type  H <return>  for immediate help.
 ...                                              
                                                  
l.205 \begin{subfigure}[c]{0.50\textwidth}
                                          
If you do not understand this error, please take a closer look
at the documentation of the `caption' package, especially the
section about errors.
Try typing  <return>  to proceed.
If that doesn't work, type  X <return>  to quit.


<~/Desktop/master_project/My_project/MSc_Project/paper_work/se607_results/J0921
+6254_template-freq.png, id=84, 853.1875pt x 682.55pt>
File: ~/Desktop/master_project/My_project/MSc_Project/paper_work/se607_results/
J0921+6254_template-freq.png Graphic file (type png)

<use ~/Desktop/master_project/My_project/MSc_Project/paper_work/se607_results/J
0921+6254_template-freq.png>
Package pdftex.def Info: ~/Desktop/master_project/My_project/MSc_Project/paper_
work/se607_results/J0921+6254_template-freq.png used on input line 206.
(pdftex.def)             Requested size: 264.46837pt x 211.5779pt.

Overfull \hbox (30.0254pt too wide) in paragraph at lines 201--208
[]$[]$   $[]$ 
 []

[7 </home/abubakar/Desktop/master_project/My_project/MSc_Project/paper_work/se6
07_results/J0051+0423_tmplate-freq.png> </home/abubakar/Desktop/master_project/
My_project/MSc_Project/paper_work/se607_results/J0102+6537_template-freq.png> <
/home/abubakar/Desktop/master_project/My_project/MSc_Project/paper_work/se607_r
esults/J0335+4555_template-freq.png> </home/abubakar/Desktop/master_project/My_
project/MSc_Project/paper_work/se607_results/J0540+3207_tmplate-freq.png> </hom
e/abubakar/Desktop/master_project/My_project/MSc_Project/paper_work/se607_resul
ts/J0546+2441_tmplate-freq.png> </home/abubakar/Desktop/master_project/My_proje
ct/MSc_Project/paper_work/se607_results/J0700+6418_template-freq.png>]

! Package caption Error: \setcaptionsubtype outside float.

See the caption package documentation for explanation.
Type  H <return>  for immediate help.
 ...                                              
                                                  
l.211 \begin{subfigure}[c]{0.50\textwidth}
                                          
If you do not understand this error, please take a closer look
at the documentation of the `caption' package, especially the
section about errors.
Try typing  <return>  to proceed.
If that doesn't work, type  X <return>  to quit.


<~/Desktop/master_project/My_project/MSc_Project/paper_work/se607_results/J1115
+5030_template-freq.png, id=95, 853.1875pt x 682.55pt>
File: ~/Desktop/master_project/My_project/MSc_Project/paper_work/se607_results/
J1115+5030_template-freq.png Graphic file (type png)

<use ~/Desktop/master_project/My_project/MSc_Project/paper_work/se607_results/J
1115+5030_template-freq.png>
Package pdftex.def Info: ~/Desktop/master_project/My_project/MSc_Project/paper_
work/se607_results/J1115+5030_template-freq.png used on input line 212.
(pdftex.def)             Requested size: 264.46837pt x 211.5779pt.


! Package caption Error: \setcaptionsubtype outside float.

See the caption package documentation for explanation.
Type  H <return>  for immediate help.
 ...                                              
                                                  
l.215 \begin{subfigure}[c]{0.50\textwidth}
                                          
If you do not understand this error, please take a closer look
at the documentation of the `caption' package, especially the
section about errors.
Try typing  <return>  to proceed.
If that doesn't work, type  X <return>  to quit.


<~/Desktop/master_project/My_project/MSc_Project/paper_work/se607_results/J1321
+8323_template-freq.png, id=96, 853.1875pt x 682.55pt>
File: ~/Desktop/master_project/My_project/MSc_Project/paper_work/se607_results/
J1321+8323_template-freq.png Graphic file (type png)

<use ~/Desktop/master_project/My_project/MSc_Project/paper_work/se607_results/J
1321+8323_template-freq.png>
Package pdftex.def Info: ~/Desktop/master_project/My_project/MSc_Project/paper_
work/se607_results/J1321+8323_template-freq.png used on input line 216.
(pdftex.def)             Requested size: 264.46837pt x 211.5779pt.

Overfull \hbox (30.0254pt too wide) in paragraph at lines 211--218
[]$[]$   $[]$ 
 []


! Package caption Error: \setcaptionsubtype outside float.

See the caption package documentation for explanation.
Type  H <return>  for immediate help.
 ...                                              
                                                  
l.222 \begin{subfigure}[c]{0.50\textwidth}
                                          
If you do not understand this error, please take a closer look
at the documentation of the `caption' package, especially the
section about errors.
Try typing  <return>  to proceed.
If that doesn't work, type  X <return>  to quit.


<~/Desktop/master_project/My_project/MSc_Project/paper_work/se607_results/J1840
+5640_template-freq.png, id=97, 853.1875pt x 682.55pt>
File: ~/Desktop/master_project/My_project/MSc_Project/paper_work/se607_results/
J1840+5640_template-freq.png Graphic file (type png)

<use ~/Desktop/master_project/My_project/MSc_Project/paper_work/se607_results/J
1840+5640_template-freq.png>
Package pdftex.def Info: ~/Desktop/master_project/My_project/MSc_Project/paper_
work/se607_results/J1840+5640_template-freq.png used on input line 223.
(pdftex.def)             Requested size: 264.46837pt x 211.5779pt.


! Package caption Error: \setcaptionsubtype outside float.

See the caption package documentation for explanation.
Type  H <return>  for immediate help.
 ...                                              
                                                  
l.226 \begin{subfigure}[c]{0.50\textwidth}
                                          
If you do not understand this error, please take a closer look
at the documentation of the `caption' package, especially the
section about errors.
Try typing  <return>  to proceed.
If that doesn't work, type  X <return>  to quit.


<~/Desktop/master_project/My_project/MSc_Project/paper_work/se607_results/J1955
+5059_tmplate-freq.png, id=98, 853.1875pt x 682.55pt>
File: ~/Desktop/master_project/My_project/MSc_Project/paper_work/se607_results/
J1955+5059_tmplate-freq.png Graphic file (type png)

<use ~/Desktop/master_project/My_project/MSc_Project/paper_work/se607_results/J
1955+5059_tmplate-freq.png>
Package pdftex.def Info: ~/Desktop/master_project/My_project/MSc_Project/paper_
work/se607_results/J1955+5059_tmplate-freq.png used on input line 227.
(pdftex.def)             Requested size: 264.46837pt x 211.5779pt.

Overfull \hbox (30.0254pt too wide) in paragraph at lines 222--229
[]$[]$   $[]$ 
 []


! Package caption Error: \setcaptionsubtype outside float.

See the caption package documentation for explanation.
Type  H <return>  for immediate help.
 ...                                              
                                                  
l.233 \begin{subfigure}[c]{0.50\textwidth}
                                          
If you do not understand this error, please take a closer look
at the documentation of the `caption' package, especially the
section about errors.
Try typing  <return>  to proceed.
If that doesn't work, type  X <return>  to quit.


<~/Desktop/master_project/My_project/MSc_Project/paper_work/se607_results/J2321
+6024_tmplate-freq.png, id=99, 853.1875pt x 682.55pt>
File: ~/Desktop/master_project/My_project/MSc_Project/paper_work/se607_results/
J2321+6024_tmplate-freq.png Graphic file (type png)

<use ~/Desktop/master_project/My_project/MSc_Project/paper_work/se607_results/J
2321+6024_tmplate-freq.png>
Package pdftex.def Info: ~/Desktop/master_project/My_project/MSc_Project/paper_
work/se607_results/J2321+6024_tmplate-freq.png used on input line 234.
(pdftex.def)             Requested size: 264.46837pt x 211.5779pt.


! Package caption Error: \setcaptionsubtype outside float.

See the caption package documentation for explanation.
Type  H <return>  for immediate help.
 ...                                              
                                                  
l.237 \begin{subfigure}[c]{0.50\textwidth}
                                          
If you do not understand this error, please take a closer look
at the documentation of the `caption' package, especially the
section about errors.
Try typing  <return>  to proceed.
If that doesn't work, type  X <return>  to quit.

[8 </home/abubakar/Desktop/master_project/My_project/MSc_Project/paper_work/se6
07_results/J0815+4611_tmplate-freq.png> </home/abubakar/Desktop/master_project/
My_project/MSc_Project/paper_work/se607_results/J0921+6254_template-freq.png> <
/home/abubakar/Desktop/master_project/My_project/MSc_Project/paper_work/se607_r
esults/J1115+5030_template-freq.png> </home/abubakar/Desktop/master_project/My_
project/MSc_Project/paper_work/se607_results/J1321+8323_template-freq.png> </ho
me/abubakar/Desktop/master_project/My_project/MSc_Project/paper_work/se607_resu
lts/J1840+5640_template-freq.png> </home/abubakar/Desktop/master_project/My_pro
ject/MSc_Project/paper_work/se607_results/J1955+5059_tmplate-freq.png>]
[9 </home/abubakar/Desktop/master_project/My_project/MSc_Project/paper_work/se6
07_results/J2321+6024_tmplate-freq.png>]

! Package caption Error: \setcaptionsubtype outside float.

See the caption package documentation for explanation.
Type  H <return>  for immediate help.
 ...                                              
                                                  
l.250 \begin{subfigure}[c]{0.50\textwidth}
                                          
If you do not understand this error, please take a closer look
at the documentation of the `caption' package, especially the
section about errors.
Try typing  <return>  to proceed.
If that doesn't work, type  X <return>  to quit.


<~/Desktop/master_project/My_project/MSc_Project/paper_work/fr606_results/DM_J0
141+6009.png, id=113, 462.528pt x 346.896pt>
File: ~/Desktop/master_project/My_project/MSc_Project/paper_work/fr606_results/
DM_J0141+6009.png Graphic file (type png)

<use ~/Desktop/master_project/My_project/MSc_Project/paper_work/fr606_results/D
M_J0141+6009.png>
Package pdftex.def Info: ~/Desktop/master_project/My_project/MSc_Project/paper_
work/fr606_results/DM_J0141+6009.png used on input line 251.
(pdftex.def)             Requested size: 264.46837pt x 198.36266pt.


! Package caption Error: \setcaptionsubtype outside float.

See the caption package documentation for explanation.
Type  H <return>  for immediate help.
 ...                                              
                                                  
l.254 \begin{subfigure}[c]{0.50\textwidth}
                                          
If you do not understand this error, please take a closer look
at the documentation of the `caption' package, especially the
section about errors.
Try typing  <return>  to proceed.
If that doesn't work, type  X <return>  to quit.


<~/Desktop/master_project/My_project/MSc_Project/paper_work/fr606_results/DM_J0
323+3944.png, id=114, 462.528pt x 346.896pt>
File: ~/Desktop/master_project/My_project/MSc_Project/paper_work/fr606_results/
DM_J0323+3944.png Graphic file (type png)

<use ~/Desktop/master_project/My_project/MSc_Project/paper_work/fr606_results/D
M_J0323+3944.png>
Package pdftex.def Info: ~/Desktop/master_project/My_project/MSc_Project/paper_
work/fr606_results/DM_J0323+3944.png used on input line 255.
(pdftex.def)             Requested size: 264.46837pt x 198.36266pt.

Overfull \hbox (15.0254pt too wide) in paragraph at lines 250--257
$[]$   $[]$ 
 []


! Package caption Error: \setcaptionsubtype outside float.

See the caption package documentation for explanation.
Type  H <return>  for immediate help.
 ...                                              
                                                  
l.261 \begin{subfigure}[c]{0.50\textwidth}
                                          
If you do not understand this error, please take a closer look
at the documentation of the `caption' package, especially the
section about errors.
Try typing  <return>  to proceed.
If that doesn't work, type  X <return>  to quit.


<~/Desktop/master_project/My_project/MSc_Project/paper_work/fr606_results/DM_J0
332+5434.png, id=115, 462.528pt x 346.896pt>
File: ~/Desktop/master_project/My_project/MSc_Project/paper_work/fr606_results/
DM_J0332+5434.png Graphic file (type png)

<use ~/Desktop/master_project/My_project/MSc_Project/paper_work/fr606_results/D
M_J0332+5434.png>
Package pdftex.def Info: ~/Desktop/master_project/My_project/MSc_Project/paper_
work/fr606_results/DM_J0332+5434.png used on input line 262.
(pdftex.def)             Requested size: 264.46837pt x 198.36266pt.


! Package caption Error: \setcaptionsubtype outside float.

See the caption package documentation for explanation.
Type  H <return>  for immediate help.
 ...                                              
                                                  
l.265 \begin{subfigure}[c]{0.50\textwidth}
                                          
If you do not understand this error, please take a closer look
at the documentation of the `caption' package, especially the
section about errors.
Try typing  <return>  to proceed.
If that doesn't work, type  X <return>  to quit.


<~/Desktop/master_project/My_project/MSc_Project/paper_work/fr606_results/DM_J0
454+5543.png, id=116, 462.528pt x 346.896pt>
File: ~/Desktop/master_project/My_project/MSc_Project/paper_work/fr606_results/
DM_J0454+5543.png Graphic file (type png)

<use ~/Desktop/master_project/My_project/MSc_Project/paper_work/fr606_results/D
M_J0454+5543.png>
Package pdftex.def Info: ~/Desktop/master_project/My_project/MSc_Project/paper_
work/fr606_results/DM_J0454+5543.png used on input line 266.
(pdftex.def)             Requested size: 264.46837pt x 198.36266pt.

Overfull \hbox (30.0254pt too wide) in paragraph at lines 261--268
[]$[]$   $[]$ 
 []


! Package caption Error: \setcaptionsubtype outside float.

See the caption package documentation for explanation.
Type  H <return>  for immediate help.
 ...                                              
                                                  
l.271 \begin{subfigure}[c]{0.50\textwidth}
                                          
If you do not understand this error, please take a closer look
at the documentation of the `caption' package, especially the
section about errors.
Try typing  <return>  to proceed.
If that doesn't work, type  X <return>  to quit.


<~/Desktop/master_project/My_project/MSc_Project/paper_work/fr606_results/DM_J0
543+2329.png, id=117, 462.528pt x 346.896pt>
File: ~/Desktop/master_project/My_project/MSc_Project/paper_work/fr606_results/
DM_J0543+2329.png Graphic file (type png)

<use ~/Desktop/master_project/My_project/MSc_Project/paper_work/fr606_results/D
M_J0543+2329.png>
Package pdftex.def Info: ~/Desktop/master_project/My_project/MSc_Project/paper_
work/fr606_results/DM_J0543+2329.png used on input line 272.
(pdftex.def)             Requested size: 264.46837pt x 198.36266pt.


! Package caption Error: \setcaptionsubtype outside float.

See the caption package documentation for explanation.
Type  H <return>  for immediate help.
 ...                                              
                                                  
l.275 \begin{subfigure}[c]{0.50\textwidth}
                                          
If you do not understand this error, please take a closer look
at the documentation of the `caption' package, especially the
section about errors.
Try typing  <return>  to proceed.
If that doesn't work, type  X <return>  to quit.


<~/Desktop/master_project/My_project/MSc_Project/paper_work/fr606_results/DM_J0
613+3731.png, id=118, 462.528pt x 346.896pt>
File: ~/Desktop/master_project/My_project/MSc_Project/paper_work/fr606_results/
DM_J0613+3731.png Graphic file (type png)

<use ~/Desktop/master_project/My_project/MSc_Project/paper_work/fr606_results/D
M_J0613+3731.png>
Package pdftex.def Info: ~/Desktop/master_project/My_project/MSc_Project/paper_
work/fr606_results/DM_J0613+3731.png used on input line 276.
(pdftex.def)             Requested size: 264.46837pt x 198.36266pt.

Overfull \hbox (30.0254pt too wide) in paragraph at lines 271--278
[]$[]$   $[]$ 
 []


! Package caption Error: \setcaptionsubtype outside float.

See the caption package documentation for explanation.
Type  H <return>  for immediate help.
 ...                                              
                                                  
l.283 \begin{subfigure}[c]{0.50\textwidth}
                                          
If you do not understand this error, please take a closer look
at the documentation of the `caption' package, especially the
section about errors.
Try typing  <return>  to proceed.
If that doesn't work, type  X <return>  to quit.


<~/Desktop/master_project/My_project/MSc_Project/paper_work/fr606_results/DM_J0
814+7429.png, id=119, 462.528pt x 346.896pt>
File: ~/Desktop/master_project/My_project/MSc_Project/paper_work/fr606_results/
DM_J0814+7429.png Graphic file (type png)

<use ~/Desktop/master_project/My_project/MSc_Project/paper_work/fr606_results/D
M_J0814+7429.png>
Package pdftex.def Info: ~/Desktop/master_project/My_project/MSc_Project/paper_
work/fr606_results/DM_J0814+7429.png used on input line 284.
(pdftex.def)             Requested size: 264.46837pt x 198.36266pt.


! Package caption Error: \setcaptionsubtype outside float.

See the caption package documentation for explanation.
Type  H <return>  for immediate help.
 ...                                              
                                                  
l.287 \begin{subfigure}[c]{0.50\textwidth}
                                          
If you do not understand this error, please take a closer look
at the documentation of the `caption' package, especially the
section about errors.
Try typing  <return>  to proceed.
If that doesn't work, type  X <return>  to quit.


<~/Desktop/master_project/My_project/MSc_Project/paper_work/fr606_results/DM_J0
837+0610.png, id=120, 462.528pt x 346.896pt>
File: ~/Desktop/master_project/My_project/MSc_Project/paper_work/fr606_results/
DM_J0837+0610.png Graphic file (type png)

<use ~/Desktop/master_project/My_project/MSc_Project/paper_work/fr606_results/D
M_J0837+0610.png>
Package pdftex.def Info: ~/Desktop/master_project/My_project/MSc_Project/paper_
work/fr606_results/DM_J0837+0610.png used on input line 288.
(pdftex.def)             Requested size: 264.46837pt x 198.36266pt.

Overfull \hbox (30.0254pt too wide) in paragraph at lines 283--290
[]$[]$   $[]$ 
 []

[10 </home/abubakar/Desktop/master_project/My_project/MSc_Project/paper_work/fr
606_results/DM_J0141+6009.png> </home/abubakar/Desktop/master_project/My_projec
t/MSc_Project/paper_work/fr606_results/DM_J0323+3944.png> </home/abubakar/Deskt
op/master_project/My_project/MSc_Project/paper_work/fr606_results/DM_J0332+5434
.png> </home/abubakar/Desktop/master_project/My_project/MSc_Project/paper_work/
fr606_results/DM_J0454+5543.png> </home/abubakar/Desktop/master_project/My_proj
ect/MSc_Project/paper_work/fr606_results/DM_J0543+2329.png> </home/abubakar/Des
ktop/master_project/My_project/MSc_Project/paper_work/fr606_results/DM_J0613+37
31.png>]

! Package caption Error: \setcaptionsubtype outside float.

See the caption package documentation for explanation.
Type  H <return>  for immediate help.
 ...                                              
                                                  
l.293 \begin{subfigure}[c]{0.50\textwidth}
                                          
If you do not understand this error, please take a closer look
at the documentation of the `caption' package, especially the
section about errors.
Try typing  <return>  to proceed.
If that doesn't work, type  X <return>  to quit.


<~/Desktop/master_project/My_project/MSc_Project/paper_work/fr606_results/DM_J0
953+0755.png, id=130, 462.528pt x 346.896pt>
File: ~/Desktop/master_project/My_project/MSc_Project/paper_work/fr606_results/
DM_J0953+0755.png Graphic file (type png)

<use ~/Desktop/master_project/My_project/MSc_Project/paper_work/fr606_results/D
M_J0953+0755.png>
Package pdftex.def Info: ~/Desktop/master_project/My_project/MSc_Project/paper_
work/fr606_results/DM_J0953+0755.png used on input line 294.
(pdftex.def)             Requested size: 264.46837pt x 198.36266pt.


! Package caption Error: \setcaptionsubtype outside float.

See the caption package documentation for explanation.
Type  H <return>  for immediate help.
 ...                                              
                                                  
l.297 \begin{subfigure}[c]{0.50\textwidth}
                                          
If you do not understand this error, please take a closer look
at the documentation of the `caption' package, especially the
section about errors.
Try typing  <return>  to proceed.
If that doesn't work, type  X <return>  to quit.


<~/Desktop/master_project/My_project/MSc_Project/paper_work/fr606_results/DM_J1
136+1551.png, id=131, 462.528pt x 346.896pt>
File: ~/Desktop/master_project/My_project/MSc_Project/paper_work/fr606_results/
DM_J1136+1551.png Graphic file (type png)

<use ~/Desktop/master_project/My_project/MSc_Project/paper_work/fr606_results/D
M_J1136+1551.png>
Package pdftex.def Info: ~/Desktop/master_project/My_project/MSc_Project/paper_
work/fr606_results/DM_J1136+1551.png used on input line 298.
(pdftex.def)             Requested size: 264.46837pt x 198.36266pt.

Overfull \hbox (30.0254pt too wide) in paragraph at lines 293--300
[]$[]$   $[]$ 
 []


! Package caption Error: \setcaptionsubtype outside float.

See the caption package documentation for explanation.
Type  H <return>  for immediate help.
 ...                                              
                                                  
l.304 \begin{subfigure}[c]{0.50\textwidth}
                                          
If you do not understand this error, please take a closer look
at the documentation of the `caption' package, especially the
section about errors.
Try typing  <return>  to proceed.
If that doesn't work, type  X <return>  to quit.


<~/Desktop/master_project/My_project/MSc_Project/paper_work/fr606_results/DM_J1
239+2453.png, id=132, 462.528pt x 346.896pt>
File: ~/Desktop/master_project/My_project/MSc_Project/paper_work/fr606_results/
DM_J1239+2453.png Graphic file (type png)

<use ~/Desktop/master_project/My_project/MSc_Project/paper_work/fr606_results/D
M_J1239+2453.png>
Package pdftex.def Info: ~/Desktop/master_project/My_project/MSc_Project/paper_
work/fr606_results/DM_J1239+2453.png used on input line 305.
(pdftex.def)             Requested size: 264.46837pt x 198.36266pt.


! Package caption Error: \setcaptionsubtype outside float.

See the caption package documentation for explanation.
Type  H <return>  for immediate help.
 ...                                              
                                                  
l.308 \begin{subfigure}[c]{0.50\textwidth}
                                          
If you do not understand this error, please take a closer look
at the documentation of the `caption' package, especially the
section about errors.
Try typing  <return>  to proceed.
If that doesn't work, type  X <return>  to quit.


<~/Desktop/master_project/My_project/MSc_Project/paper_work/fr606_results/DM_J1
509+5531_noargs.png, id=133, 462.528pt x 346.896pt>
File: ~/Desktop/master_project/My_project/MSc_Project/paper_work/fr606_results/
DM_J1509+5531_noargs.png Graphic file (type png)

<use ~/Desktop/master_project/My_project/MSc_Project/paper_work/fr606_results/D
M_J1509+5531_noargs.png>
Package pdftex.def Info: ~/Desktop/master_project/My_project/MSc_Project/paper_
work/fr606_results/DM_J1509+5531_noargs.png used on input line 309.
(pdftex.def)             Requested size: 264.46837pt x 198.36266pt.

Overfull \hbox (30.0254pt too wide) in paragraph at lines 304--311
[]$[]$   $[]$ 
 []


! Package caption Error: \setcaptionsubtype outside float.

See the caption package documentation for explanation.
Type  H <return>  for immediate help.
 ...                                              
                                                  
l.315 \begin{subfigure}[c]{0.50\textwidth}
                                          
If you do not understand this error, please take a closer look
at the documentation of the `caption' package, especially the
section about errors.
Try typing  <return>  to proceed.
If that doesn't work, type  X <return>  to quit.


<~/Desktop/master_project/My_project/MSc_Project/paper_work/fr606_results/DM_J1
543-0620.png, id=134, 462.528pt x 346.896pt>
File: ~/Desktop/master_project/My_project/MSc_Project/paper_work/fr606_results/
DM_J1543-0620.png Graphic file (type png)

<use ~/Desktop/master_project/My_project/MSc_Project/paper_work/fr606_results/D
M_J1543-0620.png>
Package pdftex.def Info: ~/Desktop/master_project/My_project/MSc_Project/paper_
work/fr606_results/DM_J1543-0620.png used on input line 316.
(pdftex.def)             Requested size: 264.46837pt x 198.36266pt.


! Package caption Error: \setcaptionsubtype outside float.

See the caption package documentation for explanation.
Type  H <return>  for immediate help.
 ...                                              
                                                  
l.319 \begin{subfigure}[c]{0.50\textwidth}
                                          
If you do not understand this error, please take a closer look
at the documentation of the `caption' package, especially the
section about errors.
Try typing  <return>  to proceed.
If that doesn't work, type  X <return>  to quit.


<~/Desktop/master_project/My_project/MSc_Project/paper_work/fr606_results/DM_J1
645-0317.png, id=135, 462.528pt x 346.896pt>
File: ~/Desktop/master_project/My_project/MSc_Project/paper_work/fr606_results/
DM_J1645-0317.png Graphic file (type png)

<use ~/Desktop/master_project/My_project/MSc_Project/paper_work/fr606_results/D
M_J1645-0317.png>
Package pdftex.def Info: ~/Desktop/master_project/My_project/MSc_Project/paper_
work/fr606_results/DM_J1645-0317.png used on input line 320.
(pdftex.def)             Requested size: 264.46837pt x 198.36266pt.

Overfull \hbox (30.0254pt too wide) in paragraph at lines 315--322
[]$[]$   $[]$ 
 []

[11 </home/abubakar/Desktop/master_project/My_project/MSc_Project/paper_work/fr
606_results/DM_J0814+7429.png> </home/abubakar/Desktop/master_project/My_projec
t/MSc_Project/paper_work/fr606_results/DM_J0837+0610.png> </home/abubakar/Deskt
op/master_project/My_project/MSc_Project/paper_work/fr606_results/DM_J0953+0755
.png> </home/abubakar/Desktop/master_project/My_project/MSc_Project/paper_work/
fr606_results/DM_J1136+1551.png> </home/abubakar/Desktop/master_project/My_proj
ect/MSc_Project/paper_work/fr606_results/DM_J1239+2453.png> </home/abubakar/Des
ktop/master_project/My_project/MSc_Project/paper_work/fr606_results/DM_J1509+55
31_noargs.png>]

! Package caption Error: \setcaptionsubtype outside float.

See the caption package documentation for explanation.
Type  H <return>  for immediate help.
 ...                                              
                                                  
l.325 \begin{subfigure}[c]{0.50\textwidth}
                                          
If you do not understand this error, please take a closer look
at the documentation of the `caption' package, especially the
section about errors.
Try typing  <return>  to proceed.
If that doesn't work, type  X <return>  to quit.


<~/Desktop/master_project/My_project/MSc_Project/paper_work/fr606_results/DM_J1
740+1311.png, id=145, 462.528pt x 346.896pt>
File: ~/Desktop/master_project/My_project/MSc_Project/paper_work/fr606_results/
DM_J1740+1311.png Graphic file (type png)

<use ~/Desktop/master_project/My_project/MSc_Project/paper_work/fr606_results/D
M_J1740+1311.png>
Package pdftex.def Info: ~/Desktop/master_project/My_project/MSc_Project/paper_
work/fr606_results/DM_J1740+1311.png used on input line 326.
(pdftex.def)             Requested size: 264.46837pt x 198.36266pt.


! Package caption Error: \setcaptionsubtype outside float.

See the caption package documentation for explanation.
Type  H <return>  for immediate help.
 ...                                              
                                                  
l.329 \begin{subfigure}[c]{0.50\textwidth}
                                          
If you do not understand this error, please take a closer look
at the documentation of the `caption' package, especially the
section about errors.
Try typing  <return>  to proceed.
If that doesn't work, type  X <return>  to quit.


<~/Desktop/master_project/My_project/MSc_Project/paper_work/fr606_results/DM_J1
825-0935.png, id=146, 462.528pt x 346.896pt>
File: ~/Desktop/master_project/My_project/MSc_Project/paper_work/fr606_results/
DM_J1825-0935.png Graphic file (type png)

<use ~/Desktop/master_project/My_project/MSc_Project/paper_work/fr606_results/D
M_J1825-0935.png>
Package pdftex.def Info: ~/Desktop/master_project/My_project/MSc_Project/paper_
work/fr606_results/DM_J1825-0935.png used on input line 330.
(pdftex.def)             Requested size: 264.46837pt x 198.36266pt.

Overfull \hbox (30.0254pt too wide) in paragraph at lines 325--332
[]$[]$   $[]$ 
 []


! Package caption Error: \setcaptionsubtype outside float.

See the caption package documentation for explanation.
Type  H <return>  for immediate help.
 ...                                              
                                                  
l.336 \begin{subfigure}[c]{0.50\textwidth}
                                          
If you do not understand this error, please take a closer look
at the documentation of the `caption' package, especially the
section about errors.
Try typing  <return>  to proceed.
If that doesn't work, type  X <return>  to quit.


<~/Desktop/master_project/My_project/MSc_Project/paper_work/fr606_results/DM_J2
018+2839.png, id=147, 462.528pt x 346.896pt>
File: ~/Desktop/master_project/My_project/MSc_Project/paper_work/fr606_results/
DM_J2018+2839.png Graphic file (type png)

<use ~/Desktop/master_project/My_project/MSc_Project/paper_work/fr606_results/D
M_J2018+2839.png>
Package pdftex.def Info: ~/Desktop/master_project/My_project/MSc_Project/paper_
work/fr606_results/DM_J2018+2839.png used on input line 337.
(pdftex.def)             Requested size: 264.46837pt x 198.36266pt.


! Package caption Error: \setcaptionsubtype outside float.

See the caption package documentation for explanation.
Type  H <return>  for immediate help.
 ...                                              
                                                  
l.340 \begin{subfigure}[c]{0.50\textwidth}
                                          
If you do not understand this error, please take a closer look
at the documentation of the `caption' package, especially the
section about errors.
Try typing  <return>  to proceed.
If that doesn't work, type  X <return>  to quit.


<~/Desktop/master_project/My_project/MSc_Project/paper_work/fr606_results/DM_J2
113+4644.png, id=148, 462.528pt x 346.896pt>
File: ~/Desktop/master_project/My_project/MSc_Project/paper_work/fr606_results/
DM_J2113+4644.png Graphic file (type png)

<use ~/Desktop/master_project/My_project/MSc_Project/paper_work/fr606_results/D
M_J2113+4644.png>
Package pdftex.def Info: ~/Desktop/master_project/My_project/MSc_Project/paper_
work/fr606_results/DM_J2113+4644.png used on input line 341.
(pdftex.def)             Requested size: 264.46837pt x 198.36266pt.

Overfull \hbox (30.0254pt too wide) in paragraph at lines 336--343
[]$[]$   $[]$ 
 []


! Package caption Error: \setcaptionsubtype outside float.

See the caption package documentation for explanation.
Type  H <return>  for immediate help.
 ...                                              
                                                  
l.346 \begin{subfigure}[c]{0.50\textwidth}
                                          
If you do not understand this error, please take a closer look
at the documentation of the `caption' package, especially the
section about errors.
Try typing  <return>  to proceed.
If that doesn't work, type  X <return>  to quit.


<~/Desktop/master_project/My_project/MSc_Project/paper_work/fr606_results/DM_J2
225+6535.png, id=149, 462.528pt x 346.896pt>
File: ~/Desktop/master_project/My_project/MSc_Project/paper_work/fr606_results/
DM_J2225+6535.png Graphic file (type png)

<use ~/Desktop/master_project/My_project/MSc_Project/paper_work/fr606_results/D
M_J2225+6535.png>
Package pdftex.def Info: ~/Desktop/master_project/My_project/MSc_Project/paper_
work/fr606_results/DM_J2225+6535.png used on input line 347.
(pdftex.def)             Requested size: 264.46837pt x 198.36266pt.


! Package caption Error: \setcaptionsubtype outside float.

See the caption package documentation for explanation.
Type  H <return>  for immediate help.
 ...                                              
                                                  
l.350 \begin{subfigure}[c]{0.50\textwidth}
                                          
If you do not understand this error, please take a closer look
at the documentation of the `caption' package, especially the
section about errors.
Try typing  <return>  to proceed.
If that doesn't work, type  X <return>  to quit.


<~/Desktop/master_project/My_project/MSc_Project/paper_work/fr606_results/DM_J2
313+4253.png, id=150, 462.528pt x 346.896pt>
File: ~/Desktop/master_project/My_project/MSc_Project/paper_work/fr606_results/
DM_J2313+4253.png Graphic file (type png)

<use ~/Desktop/master_project/My_project/MSc_Project/paper_work/fr606_results/D
M_J2313+4253.png>
Package pdftex.def Info: ~/Desktop/master_project/My_project/MSc_Project/paper_
work/fr606_results/DM_J2313+4253.png used on input line 351.
(pdftex.def)             Requested size: 264.46837pt x 198.36266pt.

Overfull \hbox (30.0254pt too wide) in paragraph at lines 346--353
[]$[]$   $[]$ 
 []

[12 </home/abubakar/Desktop/master_project/My_project/MSc_Project/paper_work/fr
606_results/DM_J1543-0620.png> </home/abubakar/Desktop/master_project/My_projec
t/MSc_Project/paper_work/fr606_results/DM_J1645-0317.png> </home/abubakar/Deskt
op/master_project/My_project/MSc_Project/paper_work/fr606_results/DM_J1740+1311
.png> </home/abubakar/Desktop/master_project/My_project/MSc_Project/paper_work/
fr606_results/DM_J1825-0935.png> </home/abubakar/Desktop/master_project/My_proj
ect/MSc_Project/paper_work/fr606_results/DM_J2018+2839.png> </home/abubakar/Des
ktop/master_project/My_project/MSc_Project/paper_work/fr606_results/DM_J2113+46
44.png>] [13 </home/abubakar/Desktop/master_project/My_project/MSc_Project/pape
r_work/fr606_results/DM_J2225+6535.png> </home/abubakar/Desktop/master_project/
My_project/MSc_Project/paper_work/fr606_results/DM_J2313+4253.png>]

! Package caption Error: \setcaptionsubtype outside float.

See the caption package documentation for explanation.
Type  H <return>  for immediate help.
 ...                                              
                                                  
l.362 \begin{subfigure}[c]{0.50\textwidth}
                                          
If you do not understand this error, please take a closer look
at the documentation of the `caption' package, especially the
section about errors.
Try typing  <return>  to proceed.
If that doesn't work, type  X <return>  to quit.


<~/Desktop/master_project/My_project/MSc_Project/paper_work/fr606_results/J0141
+6009_profile_evolution.png, id=166, 462.528pt x 346.896pt>
File: ~/Desktop/master_project/My_project/MSc_Project/paper_work/fr606_results/
J0141+6009_profile_evolution.png Graphic file (type png)

<use ~/Desktop/master_project/My_project/MSc_Project/paper_work/fr606_results/J
0141+6009_profile_evolution.png>
Package pdftex.def Info: ~/Desktop/master_project/My_project/MSc_Project/paper_
work/fr606_results/J0141+6009_profile_evolution.png used on input line 363.
(pdftex.def)             Requested size: 264.46837pt x 198.36266pt.


! Package caption Error: \setcaptionsubtype outside float.

See the caption package documentation for explanation.
Type  H <return>  for immediate help.
 ...                                              
                                                  
l.366 \begin{subfigure}[c]{0.50\textwidth}
                                          
If you do not understand this error, please take a closer look
at the documentation of the `caption' package, especially the
section about errors.
Try typing  <return>  to proceed.
If that doesn't work, type  X <return>  to quit.


<~/Desktop/master_project/My_project/MSc_Project/paper_work/fr606_results/J0323
+3944_profile_evolution.png, id=167, 462.528pt x 346.896pt>
File: ~/Desktop/master_project/My_project/MSc_Project/paper_work/fr606_results/
J0323+3944_profile_evolution.png Graphic file (type png)

<use ~/Desktop/master_project/My_project/MSc_Project/paper_work/fr606_results/J
0323+3944_profile_evolution.png>
Package pdftex.def Info: ~/Desktop/master_project/My_project/MSc_Project/paper_
work/fr606_results/J0323+3944_profile_evolution.png used on input line 367.
(pdftex.def)             Requested size: 264.46837pt x 198.36266pt.

Overfull \hbox (15.0254pt too wide) in paragraph at lines 362--369
$[]$   $[]$ 
 []


! Package caption Error: \setcaptionsubtype outside float.

See the caption package documentation for explanation.
Type  H <return>  for immediate help.
 ...                                              
                                                  
l.371 \begin{subfigure}[c]{0.50\textwidth}
                                          
If you do not understand this error, please take a closer look
at the documentation of the `caption' package, especially the
section about errors.
Try typing  <return>  to proceed.
If that doesn't work, type  X <return>  to quit.


<~/Desktop/master_project/My_project/MSc_Project/paper_work/fr606_results/J0332
+5434_profile_evolution.png, id=168, 462.528pt x 346.896pt>
File: ~/Desktop/master_project/My_project/MSc_Project/paper_work/fr606_results/
J0332+5434_profile_evolution.png Graphic file (type png)

<use ~/Desktop/master_project/My_project/MSc_Project/paper_work/fr606_results/J
0332+5434_profile_evolution.png>
Package pdftex.def Info: ~/Desktop/master_project/My_project/MSc_Project/paper_
work/fr606_results/J0332+5434_profile_evolution.png used on input line 372.
(pdftex.def)             Requested size: 264.46837pt x 198.36266pt.


! Package caption Error: \setcaptionsubtype outside float.

See the caption package documentation for explanation.
Type  H <return>  for immediate help.
 ...                                              
                                                  
l.375 \begin{subfigure}[c]{0.50\textwidth}
                                          
If you do not understand this error, please take a closer look
at the documentation of the `caption' package, especially the
section about errors.
Try typing  <return>  to proceed.
If that doesn't work, type  X <return>  to quit.


<~/Desktop/master_project/My_project/MSc_Project/paper_work/fr606_results/J0454
+5543_profile_evolution.png, id=169, 462.528pt x 346.896pt>
File: ~/Desktop/master_project/My_project/MSc_Project/paper_work/fr606_results/
J0454+5543_profile_evolution.png Graphic file (type png)

<use ~/Desktop/master_project/My_project/MSc_Project/paper_work/fr606_results/J
0454+5543_profile_evolution.png>
Package pdftex.def Info: ~/Desktop/master_project/My_project/MSc_Project/paper_
work/fr606_results/J0454+5543_profile_evolution.png used on input line 376.
(pdftex.def)             Requested size: 264.46837pt x 198.36266pt.

Overfull \hbox (30.0254pt too wide) in paragraph at lines 371--378
[]$[]$   $[]$ 
 []


! Package caption Error: \setcaptionsubtype outside float.

See the caption package documentation for explanation.
Type  H <return>  for immediate help.
 ...                                              
                                                  
l.380 \begin{subfigure}[c]{0.50\textwidth}
                                          
If you do not understand this error, please take a closer look
at the documentation of the `caption' package, especially the
section about errors.
Try typing  <return>  to proceed.
If that doesn't work, type  X <return>  to quit.


<~/Desktop/master_project/My_project/MSc_Project/paper_work/fr606_results/J0543
+2329_profile_evolution.png, id=170, 462.528pt x 346.896pt>
File: ~/Desktop/master_project/My_project/MSc_Project/paper_work/fr606_results/
J0543+2329_profile_evolution.png Graphic file (type png)

<use ~/Desktop/master_project/My_project/MSc_Project/paper_work/fr606_results/J
0543+2329_profile_evolution.png>
Package pdftex.def Info: ~/Desktop/master_project/My_project/MSc_Project/paper_
work/fr606_results/J0543+2329_profile_evolution.png used on input line 381.
(pdftex.def)             Requested size: 264.46837pt x 198.36266pt.


! Package caption Error: \setcaptionsubtype outside float.

See the caption package documentation for explanation.
Type  H <return>  for immediate help.
 ...                                              
                                                  
l.384 \begin{subfigure}[c]{0.50\textwidth}
                                          
If you do not understand this error, please take a closer look
at the documentation of the `caption' package, especially the
section about errors.
Try typing  <return>  to proceed.
If that doesn't work, type  X <return>  to quit.


<~/Desktop/master_project/My_project/MSc_Project/paper_work/fr606_results/J0613
+3731_profile_evolution.png, id=171, 462.528pt x 346.896pt>
File: ~/Desktop/master_project/My_project/MSc_Project/paper_work/fr606_results/
J0613+3731_profile_evolution.png Graphic file (type png)

<use ~/Desktop/master_project/My_project/MSc_Project/paper_work/fr606_results/J
0613+3731_profile_evolution.png>
Package pdftex.def Info: ~/Desktop/master_project/My_project/MSc_Project/paper_
work/fr606_results/J0613+3731_profile_evolution.png used on input line 385.
(pdftex.def)             Requested size: 264.46837pt x 198.36266pt.

Overfull \hbox (30.0254pt too wide) in paragraph at lines 380--387
[]$[]$   $[]$ 
 []


! Package caption Error: \setcaptionsubtype outside float.

See the caption package documentation for explanation.
Type  H <return>  for immediate help.
 ...                                              
                                                  
l.390 \begin{subfigure}[c]{0.50\textwidth}
                                          
If you do not understand this error, please take a closer look
at the documentation of the `caption' package, especially the
section about errors.
Try typing  <return>  to proceed.
If that doesn't work, type  X <return>  to quit.


<~/Desktop/master_project/My_project/MSc_Project/paper_work/fr606_results/J0814
+7429_profile_evolution.png, id=172, 462.528pt x 346.896pt>
File: ~/Desktop/master_project/My_project/MSc_Project/paper_work/fr606_results/
J0814+7429_profile_evolution.png Graphic file (type png)

<use ~/Desktop/master_project/My_project/MSc_Project/paper_work/fr606_results/J
0814+7429_profile_evolution.png>
Package pdftex.def Info: ~/Desktop/master_project/My_project/MSc_Project/paper_
work/fr606_results/J0814+7429_profile_evolution.png used on input line 391.
(pdftex.def)             Requested size: 264.46837pt x 198.36266pt.


! Package caption Error: \setcaptionsubtype outside float.

See the caption package documentation for explanation.
Type  H <return>  for immediate help.
 ...                                              
                                                  
l.394 \begin{subfigure}[c]{0.50\textwidth}
                                          
If you do not understand this error, please take a closer look
at the documentation of the `caption' package, especially the
section about errors.
Try typing  <return>  to proceed.
If that doesn't work, type  X <return>  to quit.


<~/Desktop/master_project/My_project/MSc_Project/paper_work/fr606_results/J0837
+0610_profile_evolution.png, id=173, 462.528pt x 346.896pt>
File: ~/Desktop/master_project/My_project/MSc_Project/paper_work/fr606_results/
J0837+0610_profile_evolution.png Graphic file (type png)

<use ~/Desktop/master_project/My_project/MSc_Project/paper_work/fr606_results/J
0837+0610_profile_evolution.png>
Package pdftex.def Info: ~/Desktop/master_project/My_project/MSc_Project/paper_
work/fr606_results/J0837+0610_profile_evolution.png used on input line 395.
(pdftex.def)             Requested size: 264.46837pt x 198.36266pt.

Overfull \hbox (30.0254pt too wide) in paragraph at lines 390--397
[]$[]$   $[]$ 
 []

[14 </home/abubakar/Desktop/master_project/My_project/MSc_Project/paper_work/fr
606_results/J0141+6009_profile_evolution.png> </home/abubakar/Desktop/master_pr
oject/My_project/MSc_Project/paper_work/fr606_results/J0323+3944_profile_evolut
ion.png> </home/abubakar/Desktop/master_project/My_project/MSc_Project/paper_wo
rk/fr606_results/J0332+5434_profile_evolution.png> </home/abubakar/Desktop/mast
er_project/My_project/MSc_Project/paper_work/fr606_results/J0454+5543_profile_e
volution.png> </home/abubakar/Desktop/master_project/My_project/MSc_Project/pap
er_work/fr606_results/J0543+2329_profile_evolution.png> </home/abubakar/Desktop
/master_project/My_project/MSc_Project/paper_work/fr606_results/J0613+3731_prof
ile_evolution.png>]

! Package caption Error: \setcaptionsubtype outside float.

See the caption package documentation for explanation.
Type  H <return>  for immediate help.
 ...                                              
                                                  
l.400 \begin{subfigure}[c]{0.50\textwidth}
                                          
If you do not understand this error, please take a closer look
at the documentation of the `caption' package, especially the
section about errors.
Try typing  <return>  to proceed.
If that doesn't work, type  X <return>  to quit.


<~/Desktop/master_project/My_project/MSc_Project/paper_work/fr606_results/J0953
+0755_profile_evolution.png, id=183, 462.528pt x 346.896pt>
File: ~/Desktop/master_project/My_project/MSc_Project/paper_work/fr606_results/
J0953+0755_profile_evolution.png Graphic file (type png)

<use ~/Desktop/master_project/My_project/MSc_Project/paper_work/fr606_results/J
0953+0755_profile_evolution.png>
Package pdftex.def Info: ~/Desktop/master_project/My_project/MSc_Project/paper_
work/fr606_results/J0953+0755_profile_evolution.png used on input line 401.
(pdftex.def)             Requested size: 264.46837pt x 198.36266pt.


! Package caption Error: \setcaptionsubtype outside float.

See the caption package documentation for explanation.
Type  H <return>  for immediate help.
 ...                                              
                                                  
l.404 \begin{subfigure}[c]{0.50\textwidth}
                                          
If you do not understand this error, please take a closer look
at the documentation of the `caption' package, especially the
section about errors.
Try typing  <return>  to proceed.
If that doesn't work, type  X <return>  to quit.


<~/Desktop/master_project/My_project/MSc_Project/paper_work/fr606_results/J1136
+1551_profile_evolution.png, id=184, 462.528pt x 346.896pt>
File: ~/Desktop/master_project/My_project/MSc_Project/paper_work/fr606_results/
J1136+1551_profile_evolution.png Graphic file (type png)

<use ~/Desktop/master_project/My_project/MSc_Project/paper_work/fr606_results/J
1136+1551_profile_evolution.png>
Package pdftex.def Info: ~/Desktop/master_project/My_project/MSc_Project/paper_
work/fr606_results/J1136+1551_profile_evolution.png used on input line 405.
(pdftex.def)             Requested size: 264.46837pt x 198.36266pt.

Overfull \hbox (30.0254pt too wide) in paragraph at lines 400--407
[]$[]$   $[]$ 
 []


! Package caption Error: \setcaptionsubtype outside float.

See the caption package documentation for explanation.
Type  H <return>  for immediate help.
 ...                                              
                                                  
l.410 \begin{subfigure}[c]{0.50\textwidth}
                                          
If you do not understand this error, please take a closer look
at the documentation of the `caption' package, especially the
section about errors.
Try typing  <return>  to proceed.
If that doesn't work, type  X <return>  to quit.


<~/Desktop/master_project/My_project/MSc_Project/paper_work/fr606_results/J1239
+2453_profile_evolution.png, id=185, 462.528pt x 346.896pt>
File: ~/Desktop/master_project/My_project/MSc_Project/paper_work/fr606_results/
J1239+2453_profile_evolution.png Graphic file (type png)

<use ~/Desktop/master_project/My_project/MSc_Project/paper_work/fr606_results/J
1239+2453_profile_evolution.png>
Package pdftex.def Info: ~/Desktop/master_project/My_project/MSc_Project/paper_
work/fr606_results/J1239+2453_profile_evolution.png used on input line 411.
(pdftex.def)             Requested size: 264.46837pt x 198.36266pt.


! Package caption Error: \setcaptionsubtype outside float.

See the caption package documentation for explanation.
Type  H <return>  for immediate help.
 ...                                              
                                                  
l.414 \begin{subfigure}[c]{0.50\textwidth}
                                          
If you do not understand this error, please take a closer look
at the documentation of the `caption' package, especially the
section about errors.
Try typing  <return>  to proceed.
If that doesn't work, type  X <return>  to quit.


<~/Desktop/master_project/My_project/MSc_Project/paper_work/fr606_results/J1509
+5531_profile_evolution.png, id=186, 462.528pt x 346.896pt>
File: ~/Desktop/master_project/My_project/MSc_Project/paper_work/fr606_results/
J1509+5531_profile_evolution.png Graphic file (type png)

<use ~/Desktop/master_project/My_project/MSc_Project/paper_work/fr606_results/J
1509+5531_profile_evolution.png>
Package pdftex.def Info: ~/Desktop/master_project/My_project/MSc_Project/paper_
work/fr606_results/J1509+5531_profile_evolution.png used on input line 415.
(pdftex.def)             Requested size: 264.46837pt x 198.36266pt.

Overfull \hbox (30.0254pt too wide) in paragraph at lines 410--417
[]$[]$   $[]$ 
 []


! Package caption Error: \setcaptionsubtype outside float.

See the caption package documentation for explanation.
Type  H <return>  for immediate help.
 ...                                              
                                                  
l.420 \begin{subfigure}[c]{0.50\textwidth}
                                          
If you do not understand this error, please take a closer look
at the documentation of the `caption' package, especially the
section about errors.
Try typing  <return>  to proceed.
If that doesn't work, type  X <return>  to quit.


<~/Desktop/master_project/My_project/MSc_Project/paper_work/fr606_results/J1543
-0620_profile_evolution.png, id=187, 462.528pt x 346.896pt>
File: ~/Desktop/master_project/My_project/MSc_Project/paper_work/fr606_results/
J1543-0620_profile_evolution.png Graphic file (type png)

<use ~/Desktop/master_project/My_project/MSc_Project/paper_work/fr606_results/J
1543-0620_profile_evolution.png>
Package pdftex.def Info: ~/Desktop/master_project/My_project/MSc_Project/paper_
work/fr606_results/J1543-0620_profile_evolution.png used on input line 421.
(pdftex.def)             Requested size: 264.46837pt x 198.36266pt.


! Package caption Error: \setcaptionsubtype outside float.

See the caption package documentation for explanation.
Type  H <return>  for immediate help.
 ...                                              
                                                  
l.424 \begin{subfigure}[c]{0.50\textwidth}
                                          
If you do not understand this error, please take a closer look
at the documentation of the `caption' package, especially the
section about errors.
Try typing  <return>  to proceed.
If that doesn't work, type  X <return>  to quit.


<~/Desktop/master_project/My_project/MSc_Project/paper_work/fr606_results/J1645
-0317_profile_evolution.png, id=188, 462.528pt x 346.896pt>
File: ~/Desktop/master_project/My_project/MSc_Project/paper_work/fr606_results/
J1645-0317_profile_evolution.png Graphic file (type png)

<use ~/Desktop/master_project/My_project/MSc_Project/paper_work/fr606_results/J
1645-0317_profile_evolution.png>
Package pdftex.def Info: ~/Desktop/master_project/My_project/MSc_Project/paper_
work/fr606_results/J1645-0317_profile_evolution.png used on input line 425.
(pdftex.def)             Requested size: 264.46837pt x 198.36266pt.

Overfull \hbox (30.0254pt too wide) in paragraph at lines 420--427
[]$[]$   $[]$ 
 []

[15 </home/abubakar/Desktop/master_project/My_project/MSc_Project/paper_work/fr
606_results/J0814+7429_profile_evolution.png> </home/abubakar/Desktop/master_pr
oject/My_project/MSc_Project/paper_work/fr606_results/J0837+0610_profile_evolut
ion.png> </home/abubakar/Desktop/master_project/My_project/MSc_Project/paper_wo
rk/fr606_results/J0953+0755_profile_evolution.png> </home/abubakar/Desktop/mast
er_project/My_project/MSc_Project/paper_work/fr606_results/J1136+1551_profile_e
volution.png> </home/abubakar/Desktop/master_project/My_project/MSc_Project/pap
er_work/fr606_results/J1239+2453_profile_evolution.png> </home/abubakar/Desktop
/master_project/My_project/MSc_Project/paper_work/fr606_results/J1509+5531_prof
ile_evolution.png>]

! Package caption Error: \setcaptionsubtype outside float.

See the caption package documentation for explanation.
Type  H <return>  for immediate help.
 ...                                              
                                                  
l.430 \begin{subfigure}[c]{0.50\textwidth}
                                          
If you do not understand this error, please take a closer look
at the documentation of the `caption' package, especially the
section about errors.
Try typing  <return>  to proceed.
If that doesn't work, type  X <return>  to quit.


<~/Desktop/master_project/My_project/MSc_Project/paper_work/fr606_results/J1740
+1311_profile_evolution.png, id=198, 462.528pt x 346.896pt>
File: ~/Desktop/master_project/My_project/MSc_Project/paper_work/fr606_results/
J1740+1311_profile_evolution.png Graphic file (type png)

<use ~/Desktop/master_project/My_project/MSc_Project/paper_work/fr606_results/J
1740+1311_profile_evolution.png>
Package pdftex.def Info: ~/Desktop/master_project/My_project/MSc_Project/paper_
work/fr606_results/J1740+1311_profile_evolution.png used on input line 431.
(pdftex.def)             Requested size: 264.46837pt x 198.36266pt.


! Package caption Error: \setcaptionsubtype outside float.

See the caption package documentation for explanation.
Type  H <return>  for immediate help.
 ...                                              
                                                  
l.434 \begin{subfigure}[c]{0.50\textwidth}
                                          
If you do not understand this error, please take a closer look
at the documentation of the `caption' package, especially the
section about errors.
Try typing  <return>  to proceed.
If that doesn't work, type  X <return>  to quit.


<~/Desktop/master_project/My_project/MSc_Project/paper_work/fr606_results/J1825
-0935_profile_evolution.png, id=199, 462.528pt x 346.896pt>
File: ~/Desktop/master_project/My_project/MSc_Project/paper_work/fr606_results/
J1825-0935_profile_evolution.png Graphic file (type png)

<use ~/Desktop/master_project/My_project/MSc_Project/paper_work/fr606_results/J
1825-0935_profile_evolution.png>
Package pdftex.def Info: ~/Desktop/master_project/My_project/MSc_Project/paper_
work/fr606_results/J1825-0935_profile_evolution.png used on input line 435.
(pdftex.def)             Requested size: 264.46837pt x 198.36266pt.

Overfull \hbox (30.0254pt too wide) in paragraph at lines 430--437
[]$[]$   $[]$ 
 []


! Package caption Error: \setcaptionsubtype outside float.

See the caption package documentation for explanation.
Type  H <return>  for immediate help.
 ...                                              
                                                  
l.440 \begin{subfigure}[c]{0.50\textwidth}
                                          
If you do not understand this error, please take a closer look
at the documentation of the `caption' package, especially the
section about errors.
Try typing  <return>  to proceed.
If that doesn't work, type  X <return>  to quit.


<~/Desktop/master_project/My_project/MSc_Project/paper_work/fr606_results/J2018
+2839_profile_evolution.png, id=200, 462.528pt x 346.896pt>
File: ~/Desktop/master_project/My_project/MSc_Project/paper_work/fr606_results/
J2018+2839_profile_evolution.png Graphic file (type png)

<use ~/Desktop/master_project/My_project/MSc_Project/paper_work/fr606_results/J
2018+2839_profile_evolution.png>
Package pdftex.def Info: ~/Desktop/master_project/My_project/MSc_Project/paper_
work/fr606_results/J2018+2839_profile_evolution.png used on input line 441.
(pdftex.def)             Requested size: 264.46837pt x 198.36266pt.


! Package caption Error: \setcaptionsubtype outside float.

See the caption package documentation for explanation.
Type  H <return>  for immediate help.
 ...                                              
                                                  
l.444 \begin{subfigure}[c]{0.50\textwidth}
                                          
If you do not understand this error, please take a closer look
at the documentation of the `caption' package, especially the
section about errors.
Try typing  <return>  to proceed.
If that doesn't work, type  X <return>  to quit.


<~/Desktop/master_project/My_project/MSc_Project/paper_work/fr606_results/J2113
+4644_profile_evolution-F10.png, id=201, 462.528pt x 346.896pt>
File: ~/Desktop/master_project/My_project/MSc_Project/paper_work/fr606_results/
J2113+4644_profile_evolution-F10.png Graphic file (type png)

<use ~/Desktop/master_project/My_project/MSc_Project/paper_work/fr606_results/J
2113+4644_profile_evolution-F10.png>
Package pdftex.def Info: ~/Desktop/master_project/My_project/MSc_Project/paper_
work/fr606_results/J2113+4644_profile_evolution-F10.png used on input line 445.

(pdftex.def)             Requested size: 264.46837pt x 198.36266pt.

Overfull \hbox (30.0254pt too wide) in paragraph at lines 440--447
[]$[]$   $[]$ 
 []


! Package caption Error: \setcaptionsubtype outside float.

See the caption package documentation for explanation.
Type  H <return>  for immediate help.
 ...                                              
                                                  
l.451 \begin{subfigure}[c]{0.50\textwidth}
                                          
If you do not understand this error, please take a closer look
at the documentation of the `caption' package, especially the
section about errors.
Try typing  <return>  to proceed.
If that doesn't work, type  X <return>  to quit.


<~/Desktop/master_project/My_project/MSc_Project/paper_work/fr606_results/J2225
+6535_profile_evolution.png, id=202, 462.528pt x 346.896pt>
File: ~/Desktop/master_project/My_project/MSc_Project/paper_work/fr606_results/
J2225+6535_profile_evolution.png Graphic file (type png)

<use ~/Desktop/master_project/My_project/MSc_Project/paper_work/fr606_results/J
2225+6535_profile_evolution.png>
Package pdftex.def Info: ~/Desktop/master_project/My_project/MSc_Project/paper_
work/fr606_results/J2225+6535_profile_evolution.png used on input line 452.
(pdftex.def)             Requested size: 264.46837pt x 198.36266pt.


! Package caption Error: \setcaptionsubtype outside float.

See the caption package documentation for explanation.
Type  H <return>  for immediate help.
 ...                                              
                                                  
l.455 \begin{subfigure}[c]{0.50\textwidth}
                                          
If you do not understand this error, please take a closer look
at the documentation of the `caption' package, especially the
section about errors.
Try typing  <return>  to proceed.
If that doesn't work, type  X <return>  to quit.


<~/Desktop/master_project/My_project/MSc_Project/paper_work/fr606_results/J2313
+4253_profile_evolution.png, id=203, 462.528pt x 346.896pt>
File: ~/Desktop/master_project/My_project/MSc_Project/paper_work/fr606_results/
J2313+4253_profile_evolution.png Graphic file (type png)

<use ~/Desktop/master_project/My_project/MSc_Project/paper_work/fr606_results/J
2313+4253_profile_evolution.png>
Package pdftex.def Info: ~/Desktop/master_project/My_project/MSc_Project/paper_
work/fr606_results/J2313+4253_profile_evolution.png used on input line 456.
(pdftex.def)             Requested size: 264.46837pt x 198.36266pt.

Overfull \hbox (30.0254pt too wide) in paragraph at lines 451--458
[]$[]$   $[]$ 
 []

[16 </home/abubakar/Desktop/master_project/My_project/MSc_Project/paper_work/fr
606_results/J1543-0620_profile_evolution.png> </home/abubakar/Desktop/master_pr
oject/My_project/MSc_Project/paper_work/fr606_results/J1645-0317_profile_evolut
ion.png> </home/abubakar/Desktop/master_project/My_project/MSc_Project/paper_wo
rk/fr606_results/J1740+1311_profile_evolution.png> </home/abubakar/Desktop/mast
er_project/My_project/MSc_Project/paper_work/fr606_results/J1825-0935_profile_e
volution.png> </home/abubakar/Desktop/master_project/My_project/MSc_Project/pap
er_work/fr606_results/J2018+2839_profile_evolution.png> </home/abubakar/Desktop
/master_project/My_project/MSc_Project/paper_work/fr606_results/J2113+4644_prof
ile_evolution-F10.png>] [17 </home/abubakar/Desktop/master_project/My_project/M
Sc_Project/paper_work/fr606_results/J2225+6535_profile_evolution.png> </home/ab
ubakar/Desktop/master_project/My_project/MSc_Project/paper_work/fr606_results/J
2313+4253_profile_evolution.png>]

! Package caption Error: \setcaptionsubtype outside float.

See the caption package documentation for explanation.
Type  H <return>  for immediate help.
 ...                                              
                                                  
l.466 \begin{subfigure}[c]{0.50\textwidth}
                                          
If you do not understand this error, please take a closer look
at the documentation of the `caption' package, especially the
section about errors.
Try typing  <return>  to proceed.
If that doesn't work, type  X <return>  to quit.


<~/Desktop/master_project/My_project/MSc_Project/paper_work/fr606_results/J0141
+6009_template-freq.png, id=218, 853.1875pt x 682.55pt>
File: ~/Desktop/master_project/My_project/MSc_Project/paper_work/fr606_results/
J0141+6009_template-freq.png Graphic file (type png)

<use ~/Desktop/master_project/My_project/MSc_Project/paper_work/fr606_results/J
0141+6009_template-freq.png>
Package pdftex.def Info: ~/Desktop/master_project/My_project/MSc_Project/paper_
work/fr606_results/J0141+6009_template-freq.png used on input line 467.
(pdftex.def)             Requested size: 264.46837pt x 211.5779pt.


! Package caption Error: \setcaptionsubtype outside float.

See the caption package documentation for explanation.
Type  H <return>  for immediate help.
 ...                                              
                                                  
l.470 \begin{subfigure}[c]{0.50\textwidth}
                                          
If you do not understand this error, please take a closer look
at the documentation of the `caption' package, especially the
section about errors.
Try typing  <return>  to proceed.
If that doesn't work, type  X <return>  to quit.


<~/Desktop/master_project/My_project/MSc_Project/paper_work/fr606_results/J0323
+3944_template-freq.png, id=219, 853.1875pt x 682.55pt>
File: ~/Desktop/master_project/My_project/MSc_Project/paper_work/fr606_results/
J0323+3944_template-freq.png Graphic file (type png)

<use ~/Desktop/master_project/My_project/MSc_Project/paper_work/fr606_results/J
0323+3944_template-freq.png>
Package pdftex.def Info: ~/Desktop/master_project/My_project/MSc_Project/paper_
work/fr606_results/J0323+3944_template-freq.png used on input line 471.
(pdftex.def)             Requested size: 264.46837pt x 211.5779pt.

Overfull \hbox (15.0254pt too wide) in paragraph at lines 466--473
$[]$   $[]$ 
 []


! Package caption Error: \setcaptionsubtype outside float.

See the caption package documentation for explanation.
Type  H <return>  for immediate help.
 ...                                              
                                                  
l.476 \begin{subfigure}[c]{0.50\textwidth}
                                          
If you do not understand this error, please take a closer look
at the documentation of the `caption' package, especially the
section about errors.
Try typing  <return>  to proceed.
If that doesn't work, type  X <return>  to quit.


<~/Desktop/master_project/My_project/MSc_Project/paper_work/fr606_results/J0332
+5434_template-freq.png, id=220, 853.1875pt x 682.55pt>
File: ~/Desktop/master_project/My_project/MSc_Project/paper_work/fr606_results/
J0332+5434_template-freq.png Graphic file (type png)

<use ~/Desktop/master_project/My_project/MSc_Project/paper_work/fr606_results/J
0332+5434_template-freq.png>
Package pdftex.def Info: ~/Desktop/master_project/My_project/MSc_Project/paper_
work/fr606_results/J0332+5434_template-freq.png used on input line 477.
(pdftex.def)             Requested size: 264.46837pt x 211.5779pt.


! Package caption Error: \setcaptionsubtype outside float.

See the caption package documentation for explanation.
Type  H <return>  for immediate help.
 ...                                              
                                                  
l.480 \begin{subfigure}[c]{0.50\textwidth}
                                          
If you do not understand this error, please take a closer look
at the documentation of the `caption' package, especially the
section about errors.
Try typing  <return>  to proceed.
If that doesn't work, type  X <return>  to quit.


<~/Desktop/master_project/My_project/MSc_Project/paper_work/fr606_results/J0454
+5543_template-freq.png, id=221, 853.1875pt x 682.55pt>
File: ~/Desktop/master_project/My_project/MSc_Project/paper_work/fr606_results/
J0454+5543_template-freq.png Graphic file (type png)

<use ~/Desktop/master_project/My_project/MSc_Project/paper_work/fr606_results/J
0454+5543_template-freq.png>
Package pdftex.def Info: ~/Desktop/master_project/My_project/MSc_Project/paper_
work/fr606_results/J0454+5543_template-freq.png used on input line 481.
(pdftex.def)             Requested size: 264.46837pt x 211.5779pt.

Overfull \hbox (30.0254pt too wide) in paragraph at lines 476--483
[]$[]$   $[]$ 
 []


! Package caption Error: \setcaptionsubtype outside float.

See the caption package documentation for explanation.
Type  H <return>  for immediate help.
 ...                                              
                                                  
l.486 \begin{subfigure}[c]{0.50\textwidth}
                                          
If you do not understand this error, please take a closer look
at the documentation of the `caption' package, especially the
section about errors.
Try typing  <return>  to proceed.
If that doesn't work, type  X <return>  to quit.


<~/Desktop/master_project/My_project/MSc_Project/paper_work/fr606_results/J0543
+2329_template-freq.png, id=222, 853.1875pt x 682.55pt>
File: ~/Desktop/master_project/My_project/MSc_Project/paper_work/fr606_results/
J0543+2329_template-freq.png Graphic file (type png)

<use ~/Desktop/master_project/My_project/MSc_Project/paper_work/fr606_results/J
0543+2329_template-freq.png>
Package pdftex.def Info: ~/Desktop/master_project/My_project/MSc_Project/paper_
work/fr606_results/J0543+2329_template-freq.png used on input line 487.
(pdftex.def)             Requested size: 264.46837pt x 211.5779pt.


! Package caption Error: \setcaptionsubtype outside float.

See the caption package documentation for explanation.
Type  H <return>  for immediate help.
 ...                                              
                                                  
l.490 \begin{subfigure}[c]{0.50\textwidth}
                                          
If you do not understand this error, please take a closer look
at the documentation of the `caption' package, especially the
section about errors.
Try typing  <return>  to proceed.
If that doesn't work, type  X <return>  to quit.


<~/Desktop/master_project/My_project/MSc_Project/paper_work/fr606_results/J0613
+3731_template-freq.png, id=223, 853.1875pt x 682.55pt>
File: ~/Desktop/master_project/My_project/MSc_Project/paper_work/fr606_results/
J0613+3731_template-freq.png Graphic file (type png)

<use ~/Desktop/master_project/My_project/MSc_Project/paper_work/fr606_results/J
0613+3731_template-freq.png>
Package pdftex.def Info: ~/Desktop/master_project/My_project/MSc_Project/paper_
work/fr606_results/J0613+3731_template-freq.png used on input line 491.
(pdftex.def)             Requested size: 264.46837pt x 211.5779pt.

Overfull \hbox (30.0254pt too wide) in paragraph at lines 486--493
[]$[]$   $[]$ 
 []


! Package caption Error: \setcaptionsubtype outside float.

See the caption package documentation for explanation.
Type  H <return>  for immediate help.
 ...                                              
                                                  
l.496 \begin{subfigure}[c]{0.50\textwidth}
                                          
If you do not understand this error, please take a closer look
at the documentation of the `caption' package, especially the
section about errors.
Try typing  <return>  to proceed.
If that doesn't work, type  X <return>  to quit.


<~/Desktop/master_project/My_project/MSc_Project/paper_work/fr606_results/J0814
+7429_template-freq.png, id=224, 853.1875pt x 682.55pt>
File: ~/Desktop/master_project/My_project/MSc_Project/paper_work/fr606_results/
J0814+7429_template-freq.png Graphic file (type png)

<use ~/Desktop/master_project/My_project/MSc_Project/paper_work/fr606_results/J
0814+7429_template-freq.png>
Package pdftex.def Info: ~/Desktop/master_project/My_project/MSc_Project/paper_
work/fr606_results/J0814+7429_template-freq.png used on input line 497.
(pdftex.def)             Requested size: 264.46837pt x 211.5779pt.


! Package caption Error: \setcaptionsubtype outside float.

See the caption package documentation for explanation.
Type  H <return>  for immediate help.
 ...                                              
                                                  
l.500 \begin{subfigure}[c]{0.50\textwidth}
                                          
If you do not understand this error, please take a closer look
at the documentation of the `caption' package, especially the
section about errors.
Try typing  <return>  to proceed.
If that doesn't work, type  X <return>  to quit.


<~/Desktop/master_project/My_project/MSc_Project/paper_work/fr606_results/J0837
+0610_template-freq.png, id=225, 853.1875pt x 682.55pt>
File: ~/Desktop/master_project/My_project/MSc_Project/paper_work/fr606_results/
J0837+0610_template-freq.png Graphic file (type png)

<use ~/Desktop/master_project/My_project/MSc_Project/paper_work/fr606_results/J
0837+0610_template-freq.png>
Package pdftex.def Info: ~/Desktop/master_project/My_project/MSc_Project/paper_
work/fr606_results/J0837+0610_template-freq.png used on input line 501.
(pdftex.def)             Requested size: 264.46837pt x 211.5779pt.

Overfull \hbox (30.0254pt too wide) in paragraph at lines 496--503
[]$[]$   $[]$ 
 []

[18 </home/abubakar/Desktop/master_project/My_project/MSc_Project/paper_work/fr
606_results/J0141+6009_template-freq.png> </home/abubakar/Desktop/master_projec
t/My_project/MSc_Project/paper_work/fr606_results/J0323+3944_template-freq.png>
 </home/abubakar/Desktop/master_project/My_project/MSc_Project/paper_work/fr606
_results/J0332+5434_template-freq.png> </home/abubakar/Desktop/master_project/M
y_project/MSc_Project/paper_work/fr606_results/J0454+5543_template-freq.png> </
home/abubakar/Desktop/master_project/My_project/MSc_Project/paper_work/fr606_re
sults/J0543+2329_template-freq.png> </home/abubakar/Desktop/master_project/My_p
roject/MSc_Project/paper_work/fr606_results/J0613+3731_template-freq.png>]

! Package caption Error: \setcaptionsubtype outside float.

See the caption package documentation for explanation.
Type  H <return>  for immediate help.
 ...                                              
                                                  
l.506 \begin{subfigure}[c]{0.50\textwidth}
                                          
If you do not understand this error, please take a closer look
at the documentation of the `caption' package, especially the
section about errors.
Try typing  <return>  to proceed.
If that doesn't work, type  X <return>  to quit.


<~/Desktop/master_project/My_project/MSc_Project/paper_work/fr606_results/J0953
+0755_template-freq.png, id=235, 853.1875pt x 682.55pt>
File: ~/Desktop/master_project/My_project/MSc_Project/paper_work/fr606_results/
J0953+0755_template-freq.png Graphic file (type png)

<use ~/Desktop/master_project/My_project/MSc_Project/paper_work/fr606_results/J
0953+0755_template-freq.png>
Package pdftex.def Info: ~/Desktop/master_project/My_project/MSc_Project/paper_
work/fr606_results/J0953+0755_template-freq.png used on input line 507.
(pdftex.def)             Requested size: 264.46837pt x 211.5779pt.


! Package caption Error: \setcaptionsubtype outside float.

See the caption package documentation for explanation.
Type  H <return>  for immediate help.
 ...                                              
                                                  
l.510 \begin{subfigure}[c]{0.50\textwidth}
                                          
If you do not understand this error, please take a closer look
at the documentation of the `caption' package, especially the
section about errors.
Try typing  <return>  to proceed.
If that doesn't work, type  X <return>  to quit.


<~/Desktop/master_project/My_project/MSc_Project/paper_work/fr606_results/J1136
+1551_template-freq.png, id=236, 853.1875pt x 682.55pt>
File: ~/Desktop/master_project/My_project/MSc_Project/paper_work/fr606_results/
J1136+1551_template-freq.png Graphic file (type png)

<use ~/Desktop/master_project/My_project/MSc_Project/paper_work/fr606_results/J
1136+1551_template-freq.png>
Package pdftex.def Info: ~/Desktop/master_project/My_project/MSc_Project/paper_
work/fr606_results/J1136+1551_template-freq.png used on input line 511.
(pdftex.def)             Requested size: 264.46837pt x 211.5779pt.

Overfull \hbox (30.0254pt too wide) in paragraph at lines 506--513
[]$[]$   $[]$ 
 []


! Package caption Error: \setcaptionsubtype outside float.

See the caption package documentation for explanation.
Type  H <return>  for immediate help.
 ...                                              
                                                  
l.516 \begin{subfigure}[c]{0.50\textwidth}
                                          
If you do not understand this error, please take a closer look
at the documentation of the `caption' package, especially the
section about errors.
Try typing  <return>  to proceed.
If that doesn't work, type  X <return>  to quit.


<~/Desktop/master_project/My_project/MSc_Project/paper_work/fr606_results/J1239
+2453_template-freq.png, id=237, 853.1875pt x 682.55pt>
File: ~/Desktop/master_project/My_project/MSc_Project/paper_work/fr606_results/
J1239+2453_template-freq.png Graphic file (type png)

<use ~/Desktop/master_project/My_project/MSc_Project/paper_work/fr606_results/J
1239+2453_template-freq.png>
Package pdftex.def Info: ~/Desktop/master_project/My_project/MSc_Project/paper_
work/fr606_results/J1239+2453_template-freq.png used on input line 517.
(pdftex.def)             Requested size: 264.46837pt x 211.5779pt.


! Package caption Error: \setcaptionsubtype outside float.

See the caption package documentation for explanation.
Type  H <return>  for immediate help.
 ...                                              
                                                  
l.520 \begin{subfigure}[c]{0.50\textwidth}
                                          
If you do not understand this error, please take a closer look
at the documentation of the `caption' package, especially the
section about errors.
Try typing  <return>  to proceed.
If that doesn't work, type  X <return>  to quit.


<~/Desktop/master_project/My_project/MSc_Project/paper_work/fr606_results/J1509
+5531_template-freq.png, id=238, 853.1875pt x 682.55pt>
File: ~/Desktop/master_project/My_project/MSc_Project/paper_work/fr606_results/
J1509+5531_template-freq.png Graphic file (type png)

<use ~/Desktop/master_project/My_project/MSc_Project/paper_work/fr606_results/J
1509+5531_template-freq.png>
Package pdftex.def Info: ~/Desktop/master_project/My_project/MSc_Project/paper_
work/fr606_results/J1509+5531_template-freq.png used on input line 521.
(pdftex.def)             Requested size: 264.46837pt x 211.5779pt.

Overfull \hbox (30.0254pt too wide) in paragraph at lines 516--523
[]$[]$   $[]$ 
 []


! Package caption Error: \setcaptionsubtype outside float.

See the caption package documentation for explanation.
Type  H <return>  for immediate help.
 ...                                              
                                                  
l.526 \begin{subfigure}[c]{0.50\textwidth}
                                          
If you do not understand this error, please take a closer look
at the documentation of the `caption' package, especially the
section about errors.
Try typing  <return>  to proceed.
If that doesn't work, type  X <return>  to quit.


<~/Desktop/master_project/My_project/MSc_Project/paper_work/fr606_results/J1543
-0620_template-freq.png, id=239, 853.1875pt x 682.55pt>
File: ~/Desktop/master_project/My_project/MSc_Project/paper_work/fr606_results/
J1543-0620_template-freq.png Graphic file (type png)

<use ~/Desktop/master_project/My_project/MSc_Project/paper_work/fr606_results/J
1543-0620_template-freq.png>
Package pdftex.def Info: ~/Desktop/master_project/My_project/MSc_Project/paper_
work/fr606_results/J1543-0620_template-freq.png used on input line 527.
(pdftex.def)             Requested size: 264.46837pt x 211.5779pt.


! Package caption Error: \setcaptionsubtype outside float.

See the caption package documentation for explanation.
Type  H <return>  for immediate help.
 ...                                              
                                                  
l.530 \begin{subfigure}[c]{0.50\textwidth}
                                          
If you do not understand this error, please take a closer look
at the documentation of the `caption' package, especially the
section about errors.
Try typing  <return>  to proceed.
If that doesn't work, type  X <return>  to quit.


<~/Desktop/master_project/My_project/MSc_Project/paper_work/fr606_results/J1645
-0317_template-freq.png, id=240, 853.1875pt x 682.55pt>
File: ~/Desktop/master_project/My_project/MSc_Project/paper_work/fr606_results/
J1645-0317_template-freq.png Graphic file (type png)

<use ~/Desktop/master_project/My_project/MSc_Project/paper_work/fr606_results/J
1645-0317_template-freq.png>
Package pdftex.def Info: ~/Desktop/master_project/My_project/MSc_Project/paper_
work/fr606_results/J1645-0317_template-freq.png used on input line 531.
(pdftex.def)             Requested size: 264.46837pt x 211.5779pt.

Overfull \hbox (30.0254pt too wide) in paragraph at lines 526--533
[]$[]$   $[]$ 
 []

[19 </home/abubakar/Desktop/master_project/My_project/MSc_Project/paper_work/fr
606_results/J0814+7429_template-freq.png> </home/abubakar/Desktop/master_projec
t/My_project/MSc_Project/paper_work/fr606_results/J0837+0610_template-freq.png>
 </home/abubakar/Desktop/master_project/My_project/MSc_Project/paper_work/fr606
_results/J0953+0755_template-freq.png> </home/abubakar/Desktop/master_project/M
y_project/MSc_Project/paper_work/fr606_results/J1136+1551_template-freq.png> </
home/abubakar/Desktop/master_project/My_project/MSc_Project/paper_work/fr606_re
sults/J1239+2453_template-freq.png> </home/abubakar/Desktop/master_project/My_p
roject/MSc_Project/paper_work/fr606_results/J1509+5531_template-freq.png>]

! Package caption Error: \setcaptionsubtype outside float.

See the caption package documentation for explanation.
Type  H <return>  for immediate help.
 ...                                              
                                                  
l.536 \begin{subfigure}[c]{0.50\textwidth}
                                          
If you do not understand this error, please take a closer look
at the documentation of the `caption' package, especially the
section about errors.
Try typing  <return>  to proceed.
If that doesn't work, type  X <return>  to quit.


<~/Desktop/master_project/My_project/MSc_Project/paper_work/fr606_results/J1740
+1311_template-freq.png, id=251, 853.1875pt x 682.55pt>
File: ~/Desktop/master_project/My_project/MSc_Project/paper_work/fr606_results/
J1740+1311_template-freq.png Graphic file (type png)

<use ~/Desktop/master_project/My_project/MSc_Project/paper_work/fr606_results/J
1740+1311_template-freq.png>
Package pdftex.def Info: ~/Desktop/master_project/My_project/MSc_Project/paper_
work/fr606_results/J1740+1311_template-freq.png used on input line 537.
(pdftex.def)             Requested size: 264.46837pt x 211.5779pt.


! Package caption Error: \setcaptionsubtype outside float.

See the caption package documentation for explanation.
Type  H <return>  for immediate help.
 ...                                              
                                                  
l.540 \begin{subfigure}[c]{0.50\textwidth}
                                          
If you do not understand this error, please take a closer look
at the documentation of the `caption' package, especially the
section about errors.
Try typing  <return>  to proceed.
If that doesn't work, type  X <return>  to quit.


<~/Desktop/master_project/My_project/MSc_Project/paper_work/fr606_results/J1825
-0935_template-freq.png, id=252, 853.1875pt x 682.55pt>
File: ~/Desktop/master_project/My_project/MSc_Project/paper_work/fr606_results/
J1825-0935_template-freq.png Graphic file (type png)

<use ~/Desktop/master_project/My_project/MSc_Project/paper_work/fr606_results/J
1825-0935_template-freq.png>
Package pdftex.def Info: ~/Desktop/master_project/My_project/MSc_Project/paper_
work/fr606_results/J1825-0935_template-freq.png used on input line 541.
(pdftex.def)             Requested size: 264.46837pt x 211.5779pt.

Overfull \hbox (30.0254pt too wide) in paragraph at lines 536--543
[]$[]$   $[]$ 
 []


! Package caption Error: \setcaptionsubtype outside float.

See the caption package documentation for explanation.
Type  H <return>  for immediate help.
 ...                                              
                                                  
l.546 \begin{subfigure}[c]{0.50\textwidth}
                                          
If you do not understand this error, please take a closer look
at the documentation of the `caption' package, especially the
section about errors.
Try typing  <return>  to proceed.
If that doesn't work, type  X <return>  to quit.


<~/Desktop/master_project/My_project/MSc_Project/paper_work/fr606_results/J2018
+2839_template-freq.png, id=253, 853.1875pt x 682.55pt>
File: ~/Desktop/master_project/My_project/MSc_Project/paper_work/fr606_results/
J2018+2839_template-freq.png Graphic file (type png)

<use ~/Desktop/master_project/My_project/MSc_Project/paper_work/fr606_results/J
2018+2839_template-freq.png>
Package pdftex.def Info: ~/Desktop/master_project/My_project/MSc_Project/paper_
work/fr606_results/J2018+2839_template-freq.png used on input line 547.
(pdftex.def)             Requested size: 264.46837pt x 211.5779pt.


! Package caption Error: \setcaptionsubtype outside float.

See the caption package documentation for explanation.
Type  H <return>  for immediate help.
 ...                                              
                                                  
l.550 \begin{subfigure}[c]{0.50\textwidth}
                                          
If you do not understand this error, please take a closer look
at the documentation of the `caption' package, especially the
section about errors.
Try typing  <return>  to proceed.
If that doesn't work, type  X <return>  to quit.


<~/Desktop/master_project/My_project/MSc_Project/paper_work/fr606_results/J2113
+4644_template-freq.png, id=254, 853.1875pt x 682.55pt>
File: ~/Desktop/master_project/My_project/MSc_Project/paper_work/fr606_results/
J2113+4644_template-freq.png Graphic file (type png)

<use ~/Desktop/master_project/My_project/MSc_Project/paper_work/fr606_results/J
2113+4644_template-freq.png>
Package pdftex.def Info: ~/Desktop/master_project/My_project/MSc_Project/paper_
work/fr606_results/J2113+4644_template-freq.png used on input line 551.
(pdftex.def)             Requested size: 264.46837pt x 211.5779pt.

Overfull \hbox (30.0254pt too wide) in paragraph at lines 546--553
[]$[]$   $[]$ 
 []


! Package caption Error: \setcaptionsubtype outside float.

See the caption package documentation for explanation.
Type  H <return>  for immediate help.
 ...                                              
                                                  
l.557 \begin{subfigure}[c]{0.50\textwidth}
                                          
If you do not understand this error, please take a closer look
at the documentation of the `caption' package, especially the
section about errors.
Try typing  <return>  to proceed.
If that doesn't work, type  X <return>  to quit.


<~/Desktop/master_project/My_project/MSc_Project/paper_work/fr606_results/J2225
+6535_template-freq.png, id=255, 853.1875pt x 682.55pt>
File: ~/Desktop/master_project/My_project/MSc_Project/paper_work/fr606_results/
J2225+6535_template-freq.png Graphic file (type png)

<use ~/Desktop/master_project/My_project/MSc_Project/paper_work/fr606_results/J
2225+6535_template-freq.png>
Package pdftex.def Info: ~/Desktop/master_project/My_project/MSc_Project/paper_
work/fr606_results/J2225+6535_template-freq.png used on input line 558.
(pdftex.def)             Requested size: 264.46837pt x 211.5779pt.


! Package caption Error: \setcaptionsubtype outside float.

See the caption package documentation for explanation.
Type  H <return>  for immediate help.
 ...                                              
                                                  
l.561 \begin{subfigure}[c]{0.50\textwidth}
                                          
If you do not understand this error, please take a closer look
at the documentation of the `caption' package, especially the
section about errors.
Try typing  <return>  to proceed.
If that doesn't work, type  X <return>  to quit.


<~/Desktop/master_project/My_project/MSc_Project/paper_work/fr606_results/J2313
+4253_template-freq.png, id=256, 853.1875pt x 682.55pt>
File: ~/Desktop/master_project/My_project/MSc_Project/paper_work/fr606_results/
J2313+4253_template-freq.png Graphic file (type png)

<use ~/Desktop/master_project/My_project/MSc_Project/paper_work/fr606_results/J
2313+4253_template-freq.png>
Package pdftex.def Info: ~/Desktop/master_project/My_project/MSc_Project/paper_
work/fr606_results/J2313+4253_template-freq.png used on input line 562.
(pdftex.def)             Requested size: 264.46837pt x 211.5779pt.

Overfull \hbox (30.0254pt too wide) in paragraph at lines 557--564
[]$[]$   $[]$ 
 []

[20 </home/abubakar/Desktop/master_project/My_project/MSc_Project/paper_work/fr
606_results/J1543-0620_template-freq.png> </home/abubakar/Desktop/master_projec
t/My_project/MSc_Project/paper_work/fr606_results/J1645-0317_template-freq.png>
 </home/abubakar/Desktop/master_project/My_project/MSc_Project/paper_work/fr606
_results/J1740+1311_template-freq.png> </home/abubakar/Desktop/master_project/M
y_project/MSc_Project/paper_work/fr606_results/J1825-0935_template-freq.png> </
home/abubakar/Desktop/master_project/My_project/MSc_Project/paper_work/fr606_re
sults/J2018+2839_template-freq.png> </home/abubakar/Desktop/master_project/My_p
roject/MSc_Project/paper_work/fr606_results/J2113+4644_template-freq.png>]
[21 </home/abubakar/Desktop/master_project/My_project/MSc_Project/paper_work/fr
606_results/J2225+6535_template-freq.png> </home/abubakar/Desktop/master_projec
t/My_project/MSc_Project/paper_work/fr606_results/J2313+4253_template-freq.png>
]

! Package caption Error: \setcaptionsubtype outside float.

See the caption package documentation for explanation.
Type  H <return>  for immediate help.
 ...                                              
                                                  
l.572 \begin{subfigure}[c]{0.50\textwidth}
                                          
If you do not understand this error, please take a closer look
at the documentation of the `caption' package, especially the
section about errors.
Try typing  <return>  to proceed.
If that doesn't work, type  X <return>  to quit.


<~/Desktop/master_project/My_project/MSc_Project/paper_work/de60x_results/DM_J0
055+5117.png, id=271, 462.528pt x 346.896pt>
File: ~/Desktop/master_project/My_project/MSc_Project/paper_work/de60x_results/
DM_J0055+5117.png Graphic file (type png)

<use ~/Desktop/master_project/My_project/MSc_Project/paper_work/de60x_results/D
M_J0055+5117.png>
Package pdftex.def Info: ~/Desktop/master_project/My_project/MSc_Project/paper_
work/de60x_results/DM_J0055+5117.png used on input line 573.
(pdftex.def)             Requested size: 264.46837pt x 198.36266pt.


! Package caption Error: \setcaptionsubtype outside float.

See the caption package documentation for explanation.
Type  H <return>  for immediate help.
 ...                                              
                                                  
l.576 \begin{subfigure}[c]{0.50\textwidth}
                                          
If you do not understand this error, please take a closer look
at the documentation of the `caption' package, especially the
section about errors.
Try typing  <return>  to proceed.
If that doesn't work, type  X <return>  to quit.


<~/Desktop/master_project/My_project/MSc_Project/paper_work/de60x_results/DM_J0
820-1350.png, id=272, 462.528pt x 346.896pt>
File: ~/Desktop/master_project/My_project/MSc_Project/paper_work/de60x_results/
DM_J0820-1350.png Graphic file (type png)

<use ~/Desktop/master_project/My_project/MSc_Project/paper_work/de60x_results/D
M_J0820-1350.png>
Package pdftex.def Info: ~/Desktop/master_project/My_project/MSc_Project/paper_
work/de60x_results/DM_J0820-1350.png used on input line 577.
(pdftex.def)             Requested size: 264.46837pt x 198.36266pt.

Overfull \hbox (15.0254pt too wide) in paragraph at lines 572--579
$[]$   $[]$ 
 []


! Package caption Error: \setcaptionsubtype outside float.

See the caption package documentation for explanation.
Type  H <return>  for immediate help.
 ...                                              
                                                  
l.583 \begin{subfigure}[c]{0.50\textwidth}
                                          
If you do not understand this error, please take a closer look
at the documentation of the `caption' package, especially the
section about errors.
Try typing  <return>  to proceed.
If that doesn't work, type  X <return>  to quit.


<~/Desktop/master_project/My_project/MSc_Project/paper_work/de60x_results/DM_J0
452-1759.png, id=273, 462.528pt x 346.896pt>
File: ~/Desktop/master_project/My_project/MSc_Project/paper_work/de60x_results/
DM_J0452-1759.png Graphic file (type png)

<use ~/Desktop/master_project/My_project/MSc_Project/paper_work/de60x_results/D
M_J0452-1759.png>
Package pdftex.def Info: ~/Desktop/master_project/My_project/MSc_Project/paper_
work/de60x_results/DM_J0452-1759.png used on input line 584.
(pdftex.def)             Requested size: 264.46837pt x 198.36266pt.


! Package caption Error: \setcaptionsubtype outside float.

See the caption package documentation for explanation.
Type  H <return>  for immediate help.
 ...                                              
                                                  
l.587 \begin{subfigure}[c]{0.50\textwidth}
                                          
If you do not understand this error, please take a closer look
at the documentation of the `caption' package, especially the
section about errors.
Try typing  <return>  to proceed.
If that doesn't work, type  X <return>  to quit.


<~/Desktop/master_project/My_project/MSc_Project/paper_work/de60x_results/DM_J1
948+3540.png, id=274, 462.528pt x 346.896pt>
File: ~/Desktop/master_project/My_project/MSc_Project/paper_work/de60x_results/
DM_J1948+3540.png Graphic file (type png)

<use ~/Desktop/master_project/My_project/MSc_Project/paper_work/de60x_results/D
M_J1948+3540.png>
Package pdftex.def Info: ~/Desktop/master_project/My_project/MSc_Project/paper_
work/de60x_results/DM_J1948+3540.png used on input line 588.
(pdftex.def)             Requested size: 264.46837pt x 198.36266pt.

Overfull \hbox (30.0254pt too wide) in paragraph at lines 583--590
[]$[]$   $[]$ 
 []


! Package caption Error: \setcaptionsubtype outside float.

See the caption package documentation for explanation.
Type  H <return>  for immediate help.
 ...                                              
                                                  
l.593 \begin{subfigure}[c]{0.50\textwidth}
                                          
If you do not understand this error, please take a closer look
at the documentation of the `caption' package, especially the
section about errors.
Try typing  <return>  to proceed.
If that doesn't work, type  X <return>  to quit.


<~/Desktop/master_project/My_project/MSc_Project/paper_work/de60x_results/DM_J0
946+0951.png, id=275, 462.528pt x 346.896pt>
File: ~/Desktop/master_project/My_project/MSc_Project/paper_work/de60x_results/
DM_J0946+0951.png Graphic file (type png)

<use ~/Desktop/master_project/My_project/MSc_Project/paper_work/de60x_results/D
M_J0946+0951.png>
Package pdftex.def Info: ~/Desktop/master_project/My_project/MSc_Project/paper_
work/de60x_results/DM_J0946+0951.png used on input line 594.
(pdftex.def)             Requested size: 264.46837pt x 198.36266pt.


! Package caption Error: \setcaptionsubtype outside float.

See the caption package documentation for explanation.
Type  H <return>  for immediate help.
 ...                                              
                                                  
l.597 \begin{subfigure}[c]{0.50\textwidth}
                                          
If you do not understand this error, please take a closer look
at the documentation of the `caption' package, especially the
section about errors.
Try typing  <return>  to proceed.
If that doesn't work, type  X <return>  to quit.


<~/Desktop/master_project/My_project/MSc_Project/paper_work/de60x_results/DM_J1
543-0620.png, id=276, 462.528pt x 346.896pt>
File: ~/Desktop/master_project/My_project/MSc_Project/paper_work/de60x_results/
DM_J1543-0620.png Graphic file (type png)

<use ~/Desktop/master_project/My_project/MSc_Project/paper_work/de60x_results/D
M_J1543-0620.png>
Package pdftex.def Info: ~/Desktop/master_project/My_project/MSc_Project/paper_
work/de60x_results/DM_J1543-0620.png used on input line 598.
(pdftex.def)             Requested size: 264.46837pt x 198.36266pt.

Overfull \hbox (30.0254pt too wide) in paragraph at lines 593--600
[]$[]$   $[]$ 
 []


! Package caption Error: \setcaptionsubtype outside float.

See the caption package documentation for explanation.
Type  H <return>  for immediate help.
 ...                                              
                                                  
l.603 \begin{subfigure}[c]{0.50\textwidth}
                                          
If you do not understand this error, please take a closer look
at the documentation of the `caption' package, especially the
section about errors.
Try typing  <return>  to proceed.
If that doesn't work, type  X <return>  to quit.


<~/Desktop/master_project/My_project/MSc_Project/paper_work/de60x_results/DM_J1
740+27.png, id=277, 462.528pt x 346.896pt>
File: ~/Desktop/master_project/My_project/MSc_Project/paper_work/de60x_results/
DM_J1740+27.png Graphic file (type png)

<use ~/Desktop/master_project/My_project/MSc_Project/paper_work/de60x_results/D
M_J1740+27.png>
Package pdftex.def Info: ~/Desktop/master_project/My_project/MSc_Project/paper_
work/de60x_results/DM_J1740+27.png used on input line 604.
(pdftex.def)             Requested size: 264.46837pt x 198.36266pt.


! Package caption Error: \setcaptionsubtype outside float.

See the caption package documentation for explanation.
Type  H <return>  for immediate help.
 ...                                              
                                                  
l.607 \begin{subfigure}[c]{0.50\textwidth}
                                          
If you do not understand this error, please take a closer look
at the documentation of the `caption' package, especially the
section about errors.
Try typing  <return>  to proceed.
If that doesn't work, type  X <return>  to quit.


<~/Desktop/master_project/My_project/MSc_Project/paper_work/de60x_results/DM_J1
752-2806.png, id=278, 462.528pt x 346.896pt>
File: ~/Desktop/master_project/My_project/MSc_Project/paper_work/de60x_results/
DM_J1752-2806.png Graphic file (type png)

<use ~/Desktop/master_project/My_project/MSc_Project/paper_work/de60x_results/D
M_J1752-2806.png>
Package pdftex.def Info: ~/Desktop/master_project/My_project/MSc_Project/paper_
work/de60x_results/DM_J1752-2806.png used on input line 608.
(pdftex.def)             Requested size: 264.46837pt x 198.36266pt.

Overfull \hbox (30.0254pt too wide) in paragraph at lines 603--610
[]$[]$   $[]$ 
 []

[22 </home/abubakar/Desktop/master_project/My_project/MSc_Project/paper_work/de
60x_results/DM_J0055+5117.png> </home/abubakar/Desktop/master_project/My_projec
t/MSc_Project/paper_work/de60x_results/DM_J0820-1350.png> </home/abubakar/Deskt
op/master_project/My_project/MSc_Project/paper_work/de60x_results/DM_J0452-1759
.png> </home/abubakar/Desktop/master_project/My_project/MSc_Project/paper_work/
de60x_results/DM_J1948+3540.png> </home/abubakar/Desktop/master_project/My_proj
ect/MSc_Project/paper_work/de60x_results/DM_J0946+0951.png> </home/abubakar/Des
ktop/master_project/My_project/MSc_Project/paper_work/de60x_results/DM_J1543-06
20.png>]

! Package caption Error: \setcaptionsubtype outside float.

See the caption package documentation for explanation.
Type  H <return>  for immediate help.
 ...                                              
                                                  
l.613 \begin{subfigure}[c]{0.50\textwidth}
                                          
If you do not understand this error, please take a closer look
at the documentation of the `caption' package, especially the
section about errors.
Try typing  <return>  to proceed.
If that doesn't work, type  X <return>  to quit.


<~/Desktop/master_project/My_project/MSc_Project/paper_work/de60x_results/DM_J1
900-2600.png, id=288, 462.528pt x 346.896pt>
File: ~/Desktop/master_project/My_project/MSc_Project/paper_work/de60x_results/
DM_J1900-2600.png Graphic file (type png)

<use ~/Desktop/master_project/My_project/MSc_Project/paper_work/de60x_results/D
M_J1900-2600.png>
Package pdftex.def Info: ~/Desktop/master_project/My_project/MSc_Project/paper_
work/de60x_results/DM_J1900-2600.png used on input line 614.
(pdftex.def)             Requested size: 264.46837pt x 198.36266pt.


! Package caption Error: \setcaptionsubtype outside float.

See the caption package documentation for explanation.
Type  H <return>  for immediate help.
 ...                                              
                                                  
l.617 \begin{subfigure}[c]{0.50\textwidth}
                                          
If you do not understand this error, please take a closer look
at the documentation of the `caption' package, especially the
section about errors.
Try typing  <return>  to proceed.
If that doesn't work, type  X <return>  to quit.


<~/Desktop/master_project/My_project/MSc_Project/paper_work/de60x_results/DM_J1
913-0440.png, id=289, 462.528pt x 346.896pt>
File: ~/Desktop/master_project/My_project/MSc_Project/paper_work/de60x_results/
DM_J1913-0440.png Graphic file (type png)

<use ~/Desktop/master_project/My_project/MSc_Project/paper_work/de60x_results/D
M_J1913-0440.png>
Package pdftex.def Info: ~/Desktop/master_project/My_project/MSc_Project/paper_
work/de60x_results/DM_J1913-0440.png used on input line 618.
(pdftex.def)             Requested size: 264.46837pt x 198.36266pt.

Overfull \hbox (30.0254pt too wide) in paragraph at lines 613--620
[]$[]$   $[]$ 
 []


! Package caption Error: \setcaptionsubtype outside float.

See the caption package documentation for explanation.
Type  H <return>  for immediate help.
 ...                                              
                                                  
l.622 \begin{subfigure}[c]{0.50\textwidth}
                                          
If you do not understand this error, please take a closer look
at the documentation of the `caption' package, especially the
section about errors.
Try typing  <return>  to proceed.
If that doesn't work, type  X <return>  to quit.


<~/Desktop/master_project/My_project/MSc_Project/paper_work/de60x_results/DM_J1
921+2153.png, id=290, 462.528pt x 346.896pt>
File: ~/Desktop/master_project/My_project/MSc_Project/paper_work/de60x_results/
DM_J1921+2153.png Graphic file (type png)

<use ~/Desktop/master_project/My_project/MSc_Project/paper_work/de60x_results/D
M_J1921+2153.png>
Package pdftex.def Info: ~/Desktop/master_project/My_project/MSc_Project/paper_
work/de60x_results/DM_J1921+2153.png used on input line 623.
(pdftex.def)             Requested size: 264.46837pt x 198.36266pt.


! Package caption Error: \setcaptionsubtype outside float.

See the caption package documentation for explanation.
Type  H <return>  for immediate help.
 ...                                              
                                                  
l.626 \begin{subfigure}[c]{0.50\textwidth}
                                          
If you do not understand this error, please take a closer look
at the documentation of the `caption' package, especially the
section about errors.
Try typing  <return>  to proceed.
If that doesn't work, type  X <return>  to quit.


<~/Desktop/master_project/My_project/MSc_Project/paper_work/de60x_results/DM_J1
935+1616.png, id=291, 462.528pt x 346.896pt>
File: ~/Desktop/master_project/My_project/MSc_Project/paper_work/de60x_results/
DM_J1935+1616.png Graphic file (type png)

<use ~/Desktop/master_project/My_project/MSc_Project/paper_work/de60x_results/D
M_J1935+1616.png>
Package pdftex.def Info: ~/Desktop/master_project/My_project/MSc_Project/paper_
work/de60x_results/DM_J1935+1616.png used on input line 627.
(pdftex.def)             Requested size: 264.46837pt x 198.36266pt.

Overfull \hbox (30.0254pt too wide) in paragraph at lines 622--629
[]$[]$   $[]$ 
 []


! Package caption Error: \setcaptionsubtype outside float.

See the caption package documentation for explanation.
Type  H <return>  for immediate help.
 ...                                              
                                                  
l.631 \begin{subfigure}[c]{0.50\textwidth}
                                          
If you do not understand this error, please take a closer look
at the documentation of the `caption' package, especially the
section about errors.
Try typing  <return>  to proceed.
If that doesn't work, type  X <return>  to quit.


<~/Desktop/master_project/My_project/MSc_Project/paper_work/de60x_results/DM_J1
943-1237.png, id=292, 462.528pt x 346.896pt>
File: ~/Desktop/master_project/My_project/MSc_Project/paper_work/de60x_results/
DM_J1943-1237.png Graphic file (type png)

<use ~/Desktop/master_project/My_project/MSc_Project/paper_work/de60x_results/D
M_J1943-1237.png>
Package pdftex.def Info: ~/Desktop/master_project/My_project/MSc_Project/paper_
work/de60x_results/DM_J1943-1237.png used on input line 632.
(pdftex.def)             Requested size: 264.46837pt x 198.36266pt.


! Package caption Error: \setcaptionsubtype outside float.

See the caption package documentation for explanation.
Type  H <return>  for immediate help.
 ...                                              
                                                  
l.635 \begin{subfigure}[c]{0.50\textwidth}
                                          
If you do not understand this error, please take a closer look
at the documentation of the `caption' package, especially the
section about errors.
Try typing  <return>  to proceed.
If that doesn't work, type  X <return>  to quit.


<~/Desktop/master_project/My_project/MSc_Project/paper_work/de60x_results/DM_J2
022+5154.png, id=293, 462.528pt x 346.896pt>
File: ~/Desktop/master_project/My_project/MSc_Project/paper_work/de60x_results/
DM_J2022+5154.png Graphic file (type png)

<use ~/Desktop/master_project/My_project/MSc_Project/paper_work/de60x_results/D
M_J2022+5154.png>
Package pdftex.def Info: ~/Desktop/master_project/My_project/MSc_Project/paper_
work/de60x_results/DM_J2022+5154.png used on input line 636.
(pdftex.def)             Requested size: 264.46837pt x 198.36266pt.

Overfull \hbox (30.0254pt too wide) in paragraph at lines 631--638
[]$[]$   $[]$ 
 []

[23 </home/abubakar/Desktop/master_project/My_project/MSc_Project/paper_work/de
60x_results/DM_J1740+27.png> </home/abubakar/Desktop/master_project/My_project/
MSc_Project/paper_work/de60x_results/DM_J1752-2806.png> </home/abubakar/Desktop
/master_project/My_project/MSc_Project/paper_work/de60x_results/DM_J1900-2600.p
ng> </home/abubakar/Desktop/master_project/My_project/MSc_Project/paper_work/de
60x_results/DM_J1913-0440.png> </home/abubakar/Desktop/master_project/My_projec
t/MSc_Project/paper_work/de60x_results/DM_J1921+2153.png> </home/abubakar/Deskt
op/master_project/My_project/MSc_Project/paper_work/de60x_results/DM_J1935+1616
.png>]

! Package caption Error: \setcaptionsubtype outside float.

See the caption package documentation for explanation.
Type  H <return>  for immediate help.
 ...                                              
                                                  
l.641 \begin{subfigure}[c]{0.50\textwidth}
                                          
If you do not understand this error, please take a closer look
at the documentation of the `caption' package, especially the
section about errors.
Try typing  <return>  to proceed.
If that doesn't work, type  X <return>  to quit.


<~/Desktop/master_project/My_project/MSc_Project/paper_work/de60x_results/DM_J2
048-1616.png, id=303, 462.528pt x 346.896pt>
File: ~/Desktop/master_project/My_project/MSc_Project/paper_work/de60x_results/
DM_J2048-1616.png Graphic file (type png)

<use ~/Desktop/master_project/My_project/MSc_Project/paper_work/de60x_results/D
M_J2048-1616.png>
Package pdftex.def Info: ~/Desktop/master_project/My_project/MSc_Project/paper_
work/de60x_results/DM_J2048-1616.png used on input line 642.
(pdftex.def)             Requested size: 264.46837pt x 198.36266pt.


! Package caption Error: \setcaptionsubtype outside float.

See the caption package documentation for explanation.
Type  H <return>  for immediate help.
 ...                                              
                                                  
l.645 \begin{subfigure}[c]{0.50\textwidth}
                                          
If you do not understand this error, please take a closer look
at the documentation of the `caption' package, especially the
section about errors.
Try typing  <return>  to proceed.
If that doesn't work, type  X <return>  to quit.


<~/Desktop/master_project/My_project/MSc_Project/paper_work/de60x_results/DM_J2
157+4017.png, id=304, 462.528pt x 346.896pt>
File: ~/Desktop/master_project/My_project/MSc_Project/paper_work/de60x_results/
DM_J2157+4017.png Graphic file (type png)

<use ~/Desktop/master_project/My_project/MSc_Project/paper_work/de60x_results/D
M_J2157+4017.png>
Package pdftex.def Info: ~/Desktop/master_project/My_project/MSc_Project/paper_
work/de60x_results/DM_J2157+4017.png used on input line 646.
(pdftex.def)             Requested size: 264.46837pt x 198.36266pt.

Overfull \hbox (30.0254pt too wide) in paragraph at lines 641--648
[]$[]$   $[]$ 
 []


! Package caption Error: \setcaptionsubtype outside float.

See the caption package documentation for explanation.
Type  H <return>  for immediate help.
 ...                                              
                                                  
l.651 \begin{subfigure}[c]{0.50\textwidth}
                                          
If you do not understand this error, please take a closer look
at the documentation of the `caption' package, especially the
section about errors.
Try typing  <return>  to proceed.
If that doesn't work, type  X <return>  to quit.


<~/Desktop/master_project/My_project/MSc_Project/paper_work/de60x_results/DM_J2
219+4754.png, id=305, 462.528pt x 346.896pt>
File: ~/Desktop/master_project/My_project/MSc_Project/paper_work/de60x_results/
DM_J2219+4754.png Graphic file (type png)

<use ~/Desktop/master_project/My_project/MSc_Project/paper_work/de60x_results/D
M_J2219+4754.png>
Package pdftex.def Info: ~/Desktop/master_project/My_project/MSc_Project/paper_
work/de60x_results/DM_J2219+4754.png used on input line 652.
(pdftex.def)             Requested size: 264.46837pt x 198.36266pt.


! Package caption Error: \setcaptionsubtype outside float.

See the caption package documentation for explanation.
Type  H <return>  for immediate help.
 ...                                              
                                                  
l.655 \begin{subfigure}[c]{0.50\textwidth}
                                          
If you do not understand this error, please take a closer look
at the documentation of the `caption' package, especially the
section about errors.
Try typing  <return>  to proceed.
If that doesn't work, type  X <return>  to quit.


<~/Desktop/master_project/My_project/MSc_Project/paper_work/de60x_results/DM_J2
257+5909.png, id=306, 462.528pt x 346.896pt>
File: ~/Desktop/master_project/My_project/MSc_Project/paper_work/de60x_results/
DM_J2257+5909.png Graphic file (type png)

<use ~/Desktop/master_project/My_project/MSc_Project/paper_work/de60x_results/D
M_J2257+5909.png>
Package pdftex.def Info: ~/Desktop/master_project/My_project/MSc_Project/paper_
work/de60x_results/DM_J2257+5909.png used on input line 656.
(pdftex.def)             Requested size: 264.46837pt x 198.36266pt.

Overfull \hbox (30.0254pt too wide) in paragraph at lines 651--658
[]$[]$   $[]$ 
 []


! Package caption Error: \setcaptionsubtype outside float.

See the caption package documentation for explanation.
Type  H <return>  for immediate help.
 ...                                              
                                                  
l.662 \begin{subfigure}[c]{0.50\textwidth}
                                          
If you do not understand this error, please take a closer look
at the documentation of the `caption' package, especially the
section about errors.
Try typing  <return>  to proceed.
If that doesn't work, type  X <return>  to quit.


<~/Desktop/master_project/My_project/MSc_Project/paper_work/de60x_results/DM_J0
826+2637.png, id=307, 462.528pt x 346.896pt>
File: ~/Desktop/master_project/My_project/MSc_Project/paper_work/de60x_results/
DM_J0826+2637.png Graphic file (type png)

<use ~/Desktop/master_project/My_project/MSc_Project/paper_work/de60x_results/D
M_J0826+2637.png>
Package pdftex.def Info: ~/Desktop/master_project/My_project/MSc_Project/paper_
work/de60x_results/DM_J0826+2637.png used on input line 663.
(pdftex.def)             Requested size: 264.46837pt x 198.36266pt.


! Package caption Error: \setcaptionsubtype outside float.

See the caption package documentation for explanation.
Type  H <return>  for immediate help.
 ...                                              
                                                  
l.666 \begin{subfigure}[c]{0.50\textwidth}
                                          
If you do not understand this error, please take a closer look
at the documentation of the `caption' package, especially the
section about errors.
Try typing  <return>  to proceed.
If that doesn't work, type  X <return>  to quit.


<~/Desktop/master_project/My_project/MSc_Project/paper_work/de60x_results/DM_J0
922+0638.png, id=308, 462.528pt x 346.896pt>
File: ~/Desktop/master_project/My_project/MSc_Project/paper_work/de60x_results/
DM_J0922+0638.png Graphic file (type png)

<use ~/Desktop/master_project/My_project/MSc_Project/paper_work/de60x_results/D
M_J0922+0638.png>
Package pdftex.def Info: ~/Desktop/master_project/My_project/MSc_Project/paper_
work/de60x_results/DM_J0922+0638.png used on input line 667.
(pdftex.def)             Requested size: 264.46837pt x 198.36266pt.

Overfull \hbox (30.0254pt too wide) in paragraph at lines 662--669
[]$[]$   $[]$ 
 []

[24 </home/abubakar/Desktop/master_project/My_project/MSc_Project/paper_work/de
60x_results/DM_J1943-1237.png> </home/abubakar/Desktop/master_project/My_projec
t/MSc_Project/paper_work/de60x_results/DM_J2022+5154.png> </home/abubakar/Deskt
op/master_project/My_project/MSc_Project/paper_work/de60x_results/DM_J2048-1616
.png> </home/abubakar/Desktop/master_project/My_project/MSc_Project/paper_work/
de60x_results/DM_J2157+4017.png> </home/abubakar/Desktop/master_project/My_proj
ect/MSc_Project/paper_work/de60x_results/DM_J2219+4754.png> </home/abubakar/Des
ktop/master_project/My_project/MSc_Project/paper_work/de60x_results/DM_J2257+59
09.png>]

! Package caption Error: \setcaptionsubtype outside float.

See the caption package documentation for explanation.
Type  H <return>  for immediate help.
 ...                                              
                                                  
l.672 \begin{subfigure}[c]{0.50\textwidth}
                                          
If you do not understand this error, please take a closer look
at the documentation of the `caption' package, especially the
section about errors.
Try typing  <return>  to proceed.
If that doesn't work, type  X <return>  to quit.


<~/Desktop/master_project/My_project/MSc_Project/paper_work/de60x_results/DM_J1
820-0427.png, id=318, 462.528pt x 346.896pt>
File: ~/Desktop/master_project/My_project/MSc_Project/paper_work/de60x_results/
DM_J1820-0427.png Graphic file (type png)

<use ~/Desktop/master_project/My_project/MSc_Project/paper_work/de60x_results/D
M_J1820-0427.png>
Package pdftex.def Info: ~/Desktop/master_project/My_project/MSc_Project/paper_
work/de60x_results/DM_J1820-0427.png used on input line 673.
(pdftex.def)             Requested size: 264.46837pt x 198.36266pt.


! Package caption Error: \setcaptionsubtype outside float.

See the caption package documentation for explanation.
Type  H <return>  for immediate help.
 ...                                              
                                                  
l.676 \begin{subfigure}[c]{0.50\textwidth}
                                          
If you do not understand this error, please take a closer look
at the documentation of the `caption' package, especially the
section about errors.
Try typing  <return>  to proceed.
If that doesn't work, type  X <return>  to quit.


<~/Desktop/master_project/My_project/MSc_Project/paper_work/de60x_results/DM_J1
834-0426.png, id=319, 462.528pt x 346.896pt>
File: ~/Desktop/master_project/My_project/MSc_Project/paper_work/de60x_results/
DM_J1834-0426.png Graphic file (type png)

<use ~/Desktop/master_project/My_project/MSc_Project/paper_work/de60x_results/D
M_J1834-0426.png>
Package pdftex.def Info: ~/Desktop/master_project/My_project/MSc_Project/paper_
work/de60x_results/DM_J1834-0426.png used on input line 677.
(pdftex.def)             Requested size: 264.46837pt x 198.36266pt.

Overfull \hbox (30.0254pt too wide) in paragraph at lines 672--679
[]$[]$   $[]$ 
 []


! Package caption Error: \setcaptionsubtype outside float.

See the caption package documentation for explanation.
Type  H <return>  for immediate help.
 ...                                              
                                                  
l.681 \begin{subfigure}[c]{0.50\textwidth}
                                          
If you do not understand this error, please take a closer look
at the documentation of the `caption' package, especially the
section about errors.
Try typing  <return>  to proceed.
If that doesn't work, type  X <return>  to quit.


<~/Desktop/master_project/My_project/MSc_Project/paper_work/de60x_results/DM_J1
932+1059.png, id=320, 462.528pt x 346.896pt>
File: ~/Desktop/master_project/My_project/MSc_Project/paper_work/de60x_results/
DM_J1932+1059.png Graphic file (type png)

<use ~/Desktop/master_project/My_project/MSc_Project/paper_work/de60x_results/D
M_J1932+1059.png>
Package pdftex.def Info: ~/Desktop/master_project/My_project/MSc_Project/paper_
work/de60x_results/DM_J1932+1059.png used on input line 682.
(pdftex.def)             Requested size: 264.46837pt x 198.36266pt.


! Package caption Error: \setcaptionsubtype outside float.

See the caption package documentation for explanation.
Type  H <return>  for immediate help.
 ...                                              
                                                  
l.685 \begin{subfigure}[c]{0.50\textwidth}
                                          
If you do not understand this error, please take a closer look
at the documentation of the `caption' package, especially the
section about errors.
Try typing  <return>  to proceed.
If that doesn't work, type  X <return>  to quit.


<~/Desktop/master_project/My_project/MSc_Project/paper_work/de60x_results/DM_J2
022+2854.png, id=321, 462.528pt x 346.896pt>
File: ~/Desktop/master_project/My_project/MSc_Project/paper_work/de60x_results/
DM_J2022+2854.png Graphic file (type png)

<use ~/Desktop/master_project/My_project/MSc_Project/paper_work/de60x_results/D
M_J2022+2854.png>
Package pdftex.def Info: ~/Desktop/master_project/My_project/MSc_Project/paper_
work/de60x_results/DM_J2022+2854.png used on input line 686.
(pdftex.def)             Requested size: 264.46837pt x 198.36266pt.

Overfull \hbox (30.0254pt too wide) in paragraph at lines 681--688
[]$[]$   $[]$ 
 []

[25 </home/abubakar/Desktop/master_project/My_project/MSc_Project/paper_work/de
60x_results/DM_J0826+2637.png> </home/abubakar/Desktop/master_project/My_projec
t/MSc_Project/paper_work/de60x_results/DM_J0922+0638.png> </home/abubakar/Deskt
op/master_project/My_project/MSc_Project/paper_work/de60x_results/DM_J1820-0427
.png> </home/abubakar/Desktop/master_project/My_project/MSc_Project/paper_work/
de60x_results/DM_J1834-0426.png> </home/abubakar/Desktop/master_project/My_proj
ect/MSc_Project/paper_work/de60x_results/DM_J1932+1059.png> </home/abubakar/Des
ktop/master_project/My_project/MSc_Project/paper_work/de60x_results/DM_J2022+28
54.png>]

! Package caption Error: \setcaptionsubtype outside float.

See the caption package documentation for explanation.
Type  H <return>  for immediate help.
 ...                                              
                                                  
l.694 \begin{subfigure}[c]{0.50\textwidth}
                                          
If you do not understand this error, please take a closer look
at the documentation of the `caption' package, especially the
section about errors.
Try typing  <return>  to proceed.
If that doesn't work, type  X <return>  to quit.


<~/Desktop/master_project/My_project/MSc_Project/paper_work/de60x_results/J0055
+5117_profile_evolution.png, id=332, 462.528pt x 346.896pt>
File: ~/Desktop/master_project/My_project/MSc_Project/paper_work/de60x_results/
J0055+5117_profile_evolution.png Graphic file (type png)

<use ~/Desktop/master_project/My_project/MSc_Project/paper_work/de60x_results/J
0055+5117_profile_evolution.png>
Package pdftex.def Info: ~/Desktop/master_project/My_project/MSc_Project/paper_
work/de60x_results/J0055+5117_profile_evolution.png used on input line 695.
(pdftex.def)             Requested size: 264.46837pt x 198.36266pt.


! Package caption Error: \setcaptionsubtype outside float.

See the caption package documentation for explanation.
Type  H <return>  for immediate help.
 ...                                              
                                                  
l.698 \begin{subfigure}[c]{0.50\textwidth}
                                          
If you do not understand this error, please take a closer look
at the documentation of the `caption' package, especially the
section about errors.
Try typing  <return>  to proceed.
If that doesn't work, type  X <return>  to quit.


<~/Desktop/master_project/My_project/MSc_Project/paper_work/de60x_results/J0820
-1350_profile_evolution.png, id=333, 462.528pt x 346.896pt>
File: ~/Desktop/master_project/My_project/MSc_Project/paper_work/de60x_results/
J0820-1350_profile_evolution.png Graphic file (type png)

<use ~/Desktop/master_project/My_project/MSc_Project/paper_work/de60x_results/J
0820-1350_profile_evolution.png>
Package pdftex.def Info: ~/Desktop/master_project/My_project/MSc_Project/paper_
work/de60x_results/J0820-1350_profile_evolution.png used on input line 699.
(pdftex.def)             Requested size: 264.46837pt x 198.36266pt.

Overfull \hbox (15.0254pt too wide) in paragraph at lines 694--701
$[]$   $[]$ 
 []


! Package caption Error: \setcaptionsubtype outside float.

See the caption package documentation for explanation.
Type  H <return>  for immediate help.
 ...                                              
                                                  
l.703 \begin{subfigure}[c]{0.50\textwidth}
                                          
If you do not understand this error, please take a closer look
at the documentation of the `caption' package, especially the
section about errors.
Try typing  <return>  to proceed.
If that doesn't work, type  X <return>  to quit.


<~/Desktop/master_project/My_project/MSc_Project/paper_work/de60x_results/J0452
-1759_profile_evolution.png, id=334, 462.528pt x 346.896pt>
File: ~/Desktop/master_project/My_project/MSc_Project/paper_work/de60x_results/
J0452-1759_profile_evolution.png Graphic file (type png)

<use ~/Desktop/master_project/My_project/MSc_Project/paper_work/de60x_results/J
0452-1759_profile_evolution.png>
Package pdftex.def Info: ~/Desktop/master_project/My_project/MSc_Project/paper_
work/de60x_results/J0452-1759_profile_evolution.png used on input line 704.
(pdftex.def)             Requested size: 264.46837pt x 198.36266pt.


! Package caption Error: \setcaptionsubtype outside float.

See the caption package documentation for explanation.
Type  H <return>  for immediate help.
 ...                                              
                                                  
l.707 \begin{subfigure}[c]{0.50\textwidth}
                                          
If you do not understand this error, please take a closer look
at the documentation of the `caption' package, especially the
section about errors.
Try typing  <return>  to proceed.
If that doesn't work, type  X <return>  to quit.


<~/Desktop/master_project/My_project/MSc_Project/paper_work/de60x_results/J1948
+3540_profile_evolution.png, id=335, 462.528pt x 346.896pt>
File: ~/Desktop/master_project/My_project/MSc_Project/paper_work/de60x_results/
J1948+3540_profile_evolution.png Graphic file (type png)

<use ~/Desktop/master_project/My_project/MSc_Project/paper_work/de60x_results/J
1948+3540_profile_evolution.png>
Package pdftex.def Info: ~/Desktop/master_project/My_project/MSc_Project/paper_
work/de60x_results/J1948+3540_profile_evolution.png used on input line 708.
(pdftex.def)             Requested size: 264.46837pt x 198.36266pt.

Overfull \hbox (30.0254pt too wide) in paragraph at lines 703--710
[]$[]$   $[]$ 
 []


! Package caption Error: \setcaptionsubtype outside float.

See the caption package documentation for explanation.
Type  H <return>  for immediate help.
 ...                                              
                                                  
l.712 \begin{subfigure}[c]{0.50\textwidth}
                                          
If you do not understand this error, please take a closer look
at the documentation of the `caption' package, especially the
section about errors.
Try typing  <return>  to proceed.
If that doesn't work, type  X <return>  to quit.


<~/Desktop/master_project/My_project/MSc_Project/paper_work/de60x_results/J0946
+0951_profile_evolution.png, id=336, 462.528pt x 346.896pt>
File: ~/Desktop/master_project/My_project/MSc_Project/paper_work/de60x_results/
J0946+0951_profile_evolution.png Graphic file (type png)

<use ~/Desktop/master_project/My_project/MSc_Project/paper_work/de60x_results/J
0946+0951_profile_evolution.png>
Package pdftex.def Info: ~/Desktop/master_project/My_project/MSc_Project/paper_
work/de60x_results/J0946+0951_profile_evolution.png used on input line 713.
(pdftex.def)             Requested size: 264.46837pt x 198.36266pt.


! Package caption Error: \setcaptionsubtype outside float.

See the caption package documentation for explanation.
Type  H <return>  for immediate help.
 ...                                              
                                                  
l.716 \begin{subfigure}[c]{0.50\textwidth}
                                          
If you do not understand this error, please take a closer look
at the documentation of the `caption' package, especially the
section about errors.
Try typing  <return>  to proceed.
If that doesn't work, type  X <return>  to quit.


<~/Desktop/master_project/My_project/MSc_Project/paper_work/de60x_results/J1543
-0620_profile_evolution.png, id=337, 462.528pt x 346.896pt>
File: ~/Desktop/master_project/My_project/MSc_Project/paper_work/de60x_results/
J1543-0620_profile_evolution.png Graphic file (type png)

<use ~/Desktop/master_project/My_project/MSc_Project/paper_work/de60x_results/J
1543-0620_profile_evolution.png>
Package pdftex.def Info: ~/Desktop/master_project/My_project/MSc_Project/paper_
work/de60x_results/J1543-0620_profile_evolution.png used on input line 717.
(pdftex.def)             Requested size: 264.46837pt x 198.36266pt.

Overfull \hbox (30.0254pt too wide) in paragraph at lines 712--719
[]$[]$   $[]$ 
 []


! Package caption Error: \setcaptionsubtype outside float.

See the caption package documentation for explanation.
Type  H <return>  for immediate help.
 ...                                              
                                                  
l.722 \begin{subfigure}[c]{0.50\textwidth}
                                          
If you do not understand this error, please take a closer look
at the documentation of the `caption' package, especially the
section about errors.
Try typing  <return>  to proceed.
If that doesn't work, type  X <return>  to quit.


<~/Desktop/master_project/My_project/MSc_Project/paper_work/de60x_results/J1740
+27_profile_evolution.png, id=338, 462.528pt x 346.896pt>
File: ~/Desktop/master_project/My_project/MSc_Project/paper_work/de60x_results/
J1740+27_profile_evolution.png Graphic file (type png)

<use ~/Desktop/master_project/My_project/MSc_Project/paper_work/de60x_results/J
1740+27_profile_evolution.png>
Package pdftex.def Info: ~/Desktop/master_project/My_project/MSc_Project/paper_
work/de60x_results/J1740+27_profile_evolution.png used on input line 723.
(pdftex.def)             Requested size: 264.46837pt x 198.36266pt.


! Package caption Error: \setcaptionsubtype outside float.

See the caption package documentation for explanation.
Type  H <return>  for immediate help.
 ...                                              
                                                  
l.726 \begin{subfigure}[c]{0.50\textwidth}
                                          
If you do not understand this error, please take a closer look
at the documentation of the `caption' package, especially the
section about errors.
Try typing  <return>  to proceed.
If that doesn't work, type  X <return>  to quit.


<~/Desktop/master_project/My_project/MSc_Project/paper_work/de60x_results/J1752
-2806_profile_evolution.png, id=339, 462.528pt x 346.896pt>
File: ~/Desktop/master_project/My_project/MSc_Project/paper_work/de60x_results/
J1752-2806_profile_evolution.png Graphic file (type png)

<use ~/Desktop/master_project/My_project/MSc_Project/paper_work/de60x_results/J
1752-2806_profile_evolution.png>
Package pdftex.def Info: ~/Desktop/master_project/My_project/MSc_Project/paper_
work/de60x_results/J1752-2806_profile_evolution.png used on input line 727.
(pdftex.def)             Requested size: 264.46837pt x 198.36266pt.

Overfull \hbox (30.0254pt too wide) in paragraph at lines 722--729
[]$[]$   $[]$ 
 []

[26 </home/abubakar/Desktop/master_project/My_project/MSc_Project/paper_work/de
60x_results/J0055+5117_profile_evolution.png> </home/abubakar/Desktop/master_pr
oject/My_project/MSc_Project/paper_work/de60x_results/J0820-1350_profile_evolut
ion.png> </home/abubakar/Desktop/master_project/My_project/MSc_Project/paper_wo
rk/de60x_results/J0452-1759_profile_evolution.png> </home/abubakar/Desktop/mast
er_project/My_project/MSc_Project/paper_work/de60x_results/J1948+3540_profile_e
volution.png> </home/abubakar/Desktop/master_project/My_project/MSc_Project/pap
er_work/de60x_results/J0946+0951_profile_evolution.png> </home/abubakar/Desktop
/master_project/My_project/MSc_Project/paper_work/de60x_results/J1543-0620_prof
ile_evolution.png>]

! Package caption Error: \setcaptionsubtype outside float.

See the caption package documentation for explanation.
Type  H <return>  for immediate help.
 ...                                              
                                                  
l.732 \begin{subfigure}[c]{0.50\textwidth}
                                          
If you do not understand this error, please take a closer look
at the documentation of the `caption' package, especially the
section about errors.
Try typing  <return>  to proceed.
If that doesn't work, type  X <return>  to quit.


<~/Desktop/master_project/My_project/MSc_Project/paper_work/de60x_results/J1900
-2600_profile_evolution.png, id=349, 462.528pt x 346.896pt>
File: ~/Desktop/master_project/My_project/MSc_Project/paper_work/de60x_results/
J1900-2600_profile_evolution.png Graphic file (type png)

<use ~/Desktop/master_project/My_project/MSc_Project/paper_work/de60x_results/J
1900-2600_profile_evolution.png>
Package pdftex.def Info: ~/Desktop/master_project/My_project/MSc_Project/paper_
work/de60x_results/J1900-2600_profile_evolution.png used on input line 733.
(pdftex.def)             Requested size: 264.46837pt x 198.36266pt.


! Package caption Error: \setcaptionsubtype outside float.

See the caption package documentation for explanation.
Type  H <return>  for immediate help.
 ...                                              
                                                  
l.736 \begin{subfigure}[c]{0.50\textwidth}
                                          
If you do not understand this error, please take a closer look
at the documentation of the `caption' package, especially the
section about errors.
Try typing  <return>  to proceed.
If that doesn't work, type  X <return>  to quit.


<~/Desktop/master_project/My_project/MSc_Project/paper_work/de60x_results/J1913
-0440_profile_evolution.png, id=350, 462.528pt x 346.896pt>
File: ~/Desktop/master_project/My_project/MSc_Project/paper_work/de60x_results/
J1913-0440_profile_evolution.png Graphic file (type png)

<use ~/Desktop/master_project/My_project/MSc_Project/paper_work/de60x_results/J
1913-0440_profile_evolution.png>
Package pdftex.def Info: ~/Desktop/master_project/My_project/MSc_Project/paper_
work/de60x_results/J1913-0440_profile_evolution.png used on input line 737.
(pdftex.def)             Requested size: 264.46837pt x 198.36266pt.

Overfull \hbox (30.0254pt too wide) in paragraph at lines 732--739
[]$[]$   $[]$ 
 []


! Package caption Error: \setcaptionsubtype outside float.

See the caption package documentation for explanation.
Type  H <return>  for immediate help.
 ...                                              
                                                  
l.741 \begin{subfigure}[c]{0.50\textwidth}
                                          
If you do not understand this error, please take a closer look
at the documentation of the `caption' package, especially the
section about errors.
Try typing  <return>  to proceed.
If that doesn't work, type  X <return>  to quit.


<~/Desktop/master_project/My_project/MSc_Project/paper_work/de60x_results/J1921
+2153_profile_evolution.png, id=351, 462.528pt x 346.896pt>
File: ~/Desktop/master_project/My_project/MSc_Project/paper_work/de60x_results/
J1921+2153_profile_evolution.png Graphic file (type png)

<use ~/Desktop/master_project/My_project/MSc_Project/paper_work/de60x_results/J
1921+2153_profile_evolution.png>
Package pdftex.def Info: ~/Desktop/master_project/My_project/MSc_Project/paper_
work/de60x_results/J1921+2153_profile_evolution.png used on input line 742.
(pdftex.def)             Requested size: 264.46837pt x 198.36266pt.


! Package caption Error: \setcaptionsubtype outside float.

See the caption package documentation for explanation.
Type  H <return>  for immediate help.
 ...                                              
                                                  
l.745 \begin{subfigure}[c]{0.50\textwidth}
                                          
If you do not understand this error, please take a closer look
at the documentation of the `caption' package, especially the
section about errors.
Try typing  <return>  to proceed.
If that doesn't work, type  X <return>  to quit.


<~/Desktop/master_project/My_project/MSc_Project/paper_work/de60x_results/J1935
+1616_profile_evolution.png, id=352, 462.528pt x 346.896pt>
File: ~/Desktop/master_project/My_project/MSc_Project/paper_work/de60x_results/
J1935+1616_profile_evolution.png Graphic file (type png)

<use ~/Desktop/master_project/My_project/MSc_Project/paper_work/de60x_results/J
1935+1616_profile_evolution.png>
Package pdftex.def Info: ~/Desktop/master_project/My_project/MSc_Project/paper_
work/de60x_results/J1935+1616_profile_evolution.png used on input line 746.
(pdftex.def)             Requested size: 264.46837pt x 198.36266pt.

Overfull \hbox (30.0254pt too wide) in paragraph at lines 741--748
[]$[]$   $[]$ 
 []


! Package caption Error: \setcaptionsubtype outside float.

See the caption package documentation for explanation.
Type  H <return>  for immediate help.
 ...                                              
                                                  
l.750 \begin{subfigure}[c]{0.50\textwidth}
                                          
If you do not understand this error, please take a closer look
at the documentation of the `caption' package, especially the
section about errors.
Try typing  <return>  to proceed.
If that doesn't work, type  X <return>  to quit.


<~/Desktop/master_project/My_project/MSc_Project/paper_work/de60x_results/J1943
-1237_profile_evolution.png, id=353, 462.528pt x 346.896pt>
File: ~/Desktop/master_project/My_project/MSc_Project/paper_work/de60x_results/
J1943-1237_profile_evolution.png Graphic file (type png)

<use ~/Desktop/master_project/My_project/MSc_Project/paper_work/de60x_results/J
1943-1237_profile_evolution.png>
Package pdftex.def Info: ~/Desktop/master_project/My_project/MSc_Project/paper_
work/de60x_results/J1943-1237_profile_evolution.png used on input line 751.
(pdftex.def)             Requested size: 264.46837pt x 198.36266pt.


! Package caption Error: \setcaptionsubtype outside float.

See the caption package documentation for explanation.
Type  H <return>  for immediate help.
 ...                                              
                                                  
l.754 \begin{subfigure}[c]{0.50\textwidth}
                                          
If you do not understand this error, please take a closer look
at the documentation of the `caption' package, especially the
section about errors.
Try typing  <return>  to proceed.
If that doesn't work, type  X <return>  to quit.


<~/Desktop/master_project/My_project/MSc_Project/paper_work/de60x_results/J2022
+5154_profile_evolution.png, id=354, 462.528pt x 346.896pt>
File: ~/Desktop/master_project/My_project/MSc_Project/paper_work/de60x_results/
J2022+5154_profile_evolution.png Graphic file (type png)

<use ~/Desktop/master_project/My_project/MSc_Project/paper_work/de60x_results/J
2022+5154_profile_evolution.png>
Package pdftex.def Info: ~/Desktop/master_project/My_project/MSc_Project/paper_
work/de60x_results/J2022+5154_profile_evolution.png used on input line 755.
(pdftex.def)             Requested size: 264.46837pt x 198.36266pt.

Overfull \hbox (30.0254pt too wide) in paragraph at lines 750--757
[]$[]$   $[]$ 
 []

[27 </home/abubakar/Desktop/master_project/My_project/MSc_Project/paper_work/de
60x_results/J1740+27_profile_evolution.png> </home/abubakar/Desktop/master_proj
ect/My_project/MSc_Project/paper_work/de60x_results/J1752-2806_profile_evolutio
n.png> </home/abubakar/Desktop/master_project/My_project/MSc_Project/paper_work
/de60x_results/J1900-2600_profile_evolution.png> </home/abubakar/Desktop/master
_project/My_project/MSc_Project/paper_work/de60x_results/J1913-0440_profile_evo
lution.png> </home/abubakar/Desktop/master_project/My_project/MSc_Project/paper
_work/de60x_results/J1921+2153_profile_evolution.png> </home/abubakar/Desktop/m
aster_project/My_project/MSc_Project/paper_work/de60x_results/J1935+1616_profil
e_evolution.png>]

! Package caption Error: \setcaptionsubtype outside float.

See the caption package documentation for explanation.
Type  H <return>  for immediate help.
 ...                                              
                                                  
l.760 \begin{subfigure}[c]{0.50\textwidth}
                                          
If you do not understand this error, please take a closer look
at the documentation of the `caption' package, especially the
section about errors.
Try typing  <return>  to proceed.
If that doesn't work, type  X <return>  to quit.


<~/Desktop/master_project/My_project/MSc_Project/paper_work/de60x_results/J2048
-1616_profile_evolution.png, id=364, 462.528pt x 346.896pt>
File: ~/Desktop/master_project/My_project/MSc_Project/paper_work/de60x_results/
J2048-1616_profile_evolution.png Graphic file (type png)

<use ~/Desktop/master_project/My_project/MSc_Project/paper_work/de60x_results/J
2048-1616_profile_evolution.png>
Package pdftex.def Info: ~/Desktop/master_project/My_project/MSc_Project/paper_
work/de60x_results/J2048-1616_profile_evolution.png used on input line 761.
(pdftex.def)             Requested size: 264.46837pt x 198.36266pt.


! Package caption Error: \setcaptionsubtype outside float.

See the caption package documentation for explanation.
Type  H <return>  for immediate help.
 ...                                              
                                                  
l.764 \begin{subfigure}[c]{0.50\textwidth}
                                          
If you do not understand this error, please take a closer look
at the documentation of the `caption' package, especially the
section about errors.
Try typing  <return>  to proceed.
If that doesn't work, type  X <return>  to quit.


<~/Desktop/master_project/My_project/MSc_Project/paper_work/de60x_results/J2157
+4017_profile_evolution.png, id=365, 462.528pt x 346.896pt>
File: ~/Desktop/master_project/My_project/MSc_Project/paper_work/de60x_results/
J2157+4017_profile_evolution.png Graphic file (type png)

<use ~/Desktop/master_project/My_project/MSc_Project/paper_work/de60x_results/J
2157+4017_profile_evolution.png>
Package pdftex.def Info: ~/Desktop/master_project/My_project/MSc_Project/paper_
work/de60x_results/J2157+4017_profile_evolution.png used on input line 765.
(pdftex.def)             Requested size: 264.46837pt x 198.36266pt.

Overfull \hbox (30.0254pt too wide) in paragraph at lines 760--767
[]$[]$   $[]$ 
 []


! Package caption Error: \setcaptionsubtype outside float.

See the caption package documentation for explanation.
Type  H <return>  for immediate help.
 ...                                              
                                                  
l.770 \begin{subfigure}[c]{0.50\textwidth}
                                          
If you do not understand this error, please take a closer look
at the documentation of the `caption' package, especially the
section about errors.
Try typing  <return>  to proceed.
If that doesn't work, type  X <return>  to quit.


<~/Desktop/master_project/My_project/MSc_Project/paper_work/de60x_results/J2219
+4754_profile_evolution.png, id=366, 462.528pt x 346.896pt>
File: ~/Desktop/master_project/My_project/MSc_Project/paper_work/de60x_results/
J2219+4754_profile_evolution.png Graphic file (type png)

<use ~/Desktop/master_project/My_project/MSc_Project/paper_work/de60x_results/J
2219+4754_profile_evolution.png>
Package pdftex.def Info: ~/Desktop/master_project/My_project/MSc_Project/paper_
work/de60x_results/J2219+4754_profile_evolution.png used on input line 771.
(pdftex.def)             Requested size: 264.46837pt x 198.36266pt.


! Package caption Error: \setcaptionsubtype outside float.

See the caption package documentation for explanation.
Type  H <return>  for immediate help.
 ...                                              
                                                  
l.774 \begin{subfigure}[c]{0.50\textwidth}
                                          
If you do not understand this error, please take a closer look
at the documentation of the `caption' package, especially the
section about errors.
Try typing  <return>  to proceed.
If that doesn't work, type  X <return>  to quit.


<~/Desktop/master_project/My_project/MSc_Project/paper_work/de60x_results/J2257
+5909_profile_evolution.png, id=367, 462.528pt x 346.896pt>
File: ~/Desktop/master_project/My_project/MSc_Project/paper_work/de60x_results/
J2257+5909_profile_evolution.png Graphic file (type png)

<use ~/Desktop/master_project/My_project/MSc_Project/paper_work/de60x_results/J
2257+5909_profile_evolution.png>
Package pdftex.def Info: ~/Desktop/master_project/My_project/MSc_Project/paper_
work/de60x_results/J2257+5909_profile_evolution.png used on input line 775.
(pdftex.def)             Requested size: 264.46837pt x 198.36266pt.

Overfull \hbox (30.0254pt too wide) in paragraph at lines 770--777
[]$[]$   $[]$ 
 []


! Package caption Error: \setcaptionsubtype outside float.

See the caption package documentation for explanation.
Type  H <return>  for immediate help.
 ...                                              
                                                  
l.780 \begin{subfigure}[c]{0.50\textwidth}
                                          
If you do not understand this error, please take a closer look
at the documentation of the `caption' package, especially the
section about errors.
Try typing  <return>  to proceed.
If that doesn't work, type  X <return>  to quit.


<~/Desktop/master_project/My_project/MSc_Project/paper_work/de60x_results/J0826
+2637_profile_evolution.png, id=368, 462.528pt x 346.896pt>
File: ~/Desktop/master_project/My_project/MSc_Project/paper_work/de60x_results/
J0826+2637_profile_evolution.png Graphic file (type png)

<use ~/Desktop/master_project/My_project/MSc_Project/paper_work/de60x_results/J
0826+2637_profile_evolution.png>
Package pdftex.def Info: ~/Desktop/master_project/My_project/MSc_Project/paper_
work/de60x_results/J0826+2637_profile_evolution.png used on input line 781.
(pdftex.def)             Requested size: 264.46837pt x 198.36266pt.


! Package caption Error: \setcaptionsubtype outside float.

See the caption package documentation for explanation.
Type  H <return>  for immediate help.
 ...                                              
                                                  
l.784 \begin{subfigure}[c]{0.50\textwidth}
                                          
If you do not understand this error, please take a closer look
at the documentation of the `caption' package, especially the
section about errors.
Try typing  <return>  to proceed.
If that doesn't work, type  X <return>  to quit.


<~/Desktop/master_project/My_project/MSc_Project/paper_work/de60x_results/J0922
+0638_profile_evolution.png, id=369, 462.528pt x 346.896pt>
File: ~/Desktop/master_project/My_project/MSc_Project/paper_work/de60x_results/
J0922+0638_profile_evolution.png Graphic file (type png)

<use ~/Desktop/master_project/My_project/MSc_Project/paper_work/de60x_results/J
0922+0638_profile_evolution.png>
Package pdftex.def Info: ~/Desktop/master_project/My_project/MSc_Project/paper_
work/de60x_results/J0922+0638_profile_evolution.png used on input line 785.
(pdftex.def)             Requested size: 264.46837pt x 198.36266pt.

Overfull \hbox (30.0254pt too wide) in paragraph at lines 780--787
[]$[]$   $[]$ 
 []

[28 </home/abubakar/Desktop/master_project/My_project/MSc_Project/paper_work/de
60x_results/J1943-1237_profile_evolution.png> </home/abubakar/Desktop/master_pr
oject/My_project/MSc_Project/paper_work/de60x_results/J2022+5154_profile_evolut
ion.png> </home/abubakar/Desktop/master_project/My_project/MSc_Project/paper_wo
rk/de60x_results/J2048-1616_profile_evolution.png> </home/abubakar/Desktop/mast
er_project/My_project/MSc_Project/paper_work/de60x_results/J2157+4017_profile_e
volution.png> </home/abubakar/Desktop/master_project/My_project/MSc_Project/pap
er_work/de60x_results/J2219+4754_profile_evolution.png> </home/abubakar/Desktop
/master_project/My_project/MSc_Project/paper_work/de60x_results/J2257+5909_prof
ile_evolution.png>]

! Package caption Error: \setcaptionsubtype outside float.

See the caption package documentation for explanation.
Type  H <return>  for immediate help.
 ...                                              
                                                  
l.790 \begin{subfigure}[c]{0.50\textwidth}
                                          
If you do not understand this error, please take a closer look
at the documentation of the `caption' package, especially the
section about errors.
Try typing  <return>  to proceed.
If that doesn't work, type  X <return>  to quit.


<~/Desktop/master_project/My_project/MSc_Project/paper_work/de60x_results/J1820
-0427_profile_evolution.png, id=379, 462.528pt x 346.896pt>
File: ~/Desktop/master_project/My_project/MSc_Project/paper_work/de60x_results/
J1820-0427_profile_evolution.png Graphic file (type png)

<use ~/Desktop/master_project/My_project/MSc_Project/paper_work/de60x_results/J
1820-0427_profile_evolution.png>
Package pdftex.def Info: ~/Desktop/master_project/My_project/MSc_Project/paper_
work/de60x_results/J1820-0427_profile_evolution.png used on input line 791.
(pdftex.def)             Requested size: 264.46837pt x 198.36266pt.


! Package caption Error: \setcaptionsubtype outside float.

See the caption package documentation for explanation.
Type  H <return>  for immediate help.
 ...                                              
                                                  
l.794 \begin{subfigure}[c]{0.50\textwidth}
                                          
If you do not understand this error, please take a closer look
at the documentation of the `caption' package, especially the
section about errors.
Try typing  <return>  to proceed.
If that doesn't work, type  X <return>  to quit.


<~/Desktop/master_project/My_project/MSc_Project/paper_work/de60x_results/J1834
-0426_profile_evolution.png, id=380, 462.528pt x 346.896pt>
File: ~/Desktop/master_project/My_project/MSc_Project/paper_work/de60x_results/
J1834-0426_profile_evolution.png Graphic file (type png)

<use ~/Desktop/master_project/My_project/MSc_Project/paper_work/de60x_results/J
1834-0426_profile_evolution.png>
Package pdftex.def Info: ~/Desktop/master_project/My_project/MSc_Project/paper_
work/de60x_results/J1834-0426_profile_evolution.png used on input line 795.
(pdftex.def)             Requested size: 264.46837pt x 198.36266pt.

Overfull \hbox (30.0254pt too wide) in paragraph at lines 790--797
[]$[]$   $[]$ 
 []


! Package caption Error: \setcaptionsubtype outside float.

See the caption package documentation for explanation.
Type  H <return>  for immediate help.
 ...                                              
                                                  
l.799 \begin{subfigure}[c]{0.50\textwidth}
                                          
If you do not understand this error, please take a closer look
at the documentation of the `caption' package, especially the
section about errors.
Try typing  <return>  to proceed.
If that doesn't work, type  X <return>  to quit.


<~/Desktop/master_project/My_project/MSc_Project/paper_work/de60x_results/J1932
+1059_profile_evolution.png, id=381, 462.528pt x 346.896pt>
File: ~/Desktop/master_project/My_project/MSc_Project/paper_work/de60x_results/
J1932+1059_profile_evolution.png Graphic file (type png)

<use ~/Desktop/master_project/My_project/MSc_Project/paper_work/de60x_results/J
1932+1059_profile_evolution.png>
Package pdftex.def Info: ~/Desktop/master_project/My_project/MSc_Project/paper_
work/de60x_results/J1932+1059_profile_evolution.png used on input line 800.
(pdftex.def)             Requested size: 264.46837pt x 198.36266pt.


! Package caption Error: \setcaptionsubtype outside float.

See the caption package documentation for explanation.
Type  H <return>  for immediate help.
 ...                                              
                                                  
l.803 \begin{subfigure}[c]{0.50\textwidth}
                                          
If you do not understand this error, please take a closer look
at the documentation of the `caption' package, especially the
section about errors.
Try typing  <return>  to proceed.
If that doesn't work, type  X <return>  to quit.


<~/Desktop/master_project/My_project/MSc_Project/paper_work/de60x_results/J2022
+2854_profile_evolution.png, id=382, 462.528pt x 346.896pt>
File: ~/Desktop/master_project/My_project/MSc_Project/paper_work/de60x_results/
J2022+2854_profile_evolution.png Graphic file (type png)

<use ~/Desktop/master_project/My_project/MSc_Project/paper_work/de60x_results/J
2022+2854_profile_evolution.png>
Package pdftex.def Info: ~/Desktop/master_project/My_project/MSc_Project/paper_
work/de60x_results/J2022+2854_profile_evolution.png used on input line 804.
(pdftex.def)             Requested size: 264.46837pt x 198.36266pt.

Overfull \hbox (30.0254pt too wide) in paragraph at lines 799--806
[]$[]$   $[]$ 
 []

[29 </home/abubakar/Desktop/master_project/My_project/MSc_Project/paper_work/de
60x_results/J0826+2637_profile_evolution.png> </home/abubakar/Desktop/master_pr
oject/My_project/MSc_Project/paper_work/de60x_results/J0922+0638_profile_evolut
ion.png> </home/abubakar/Desktop/master_project/My_project/MSc_Project/paper_wo
rk/de60x_results/J1820-0427_profile_evolution.png> </home/abubakar/Desktop/mast
er_project/My_project/MSc_Project/paper_work/de60x_results/J1834-0426_profile_e
volution.png> </home/abubakar/Desktop/master_project/My_project/MSc_Project/pap
er_work/de60x_results/J1932+1059_profile_evolution.png> </home/abubakar/Desktop
/master_project/My_project/MSc_Project/paper_work/de60x_results/J2022+2854_prof
ile_evolution.png>]

! Package caption Error: \setcaptionsubtype outside float.

See the caption package documentation for explanation.
Type  H <return>  for immediate help.
 ...                                              
                                                  
l.813 \begin{subfigure}[c]{0.50\textwidth}
                                          
If you do not understand this error, please take a closer look
at the documentation of the `caption' package, especially the
section about errors.
Try typing  <return>  to proceed.
If that doesn't work, type  X <return>  to quit.


<~/Desktop/master_project/My_project/MSc_Project/paper_work/de60x_results/J0055
+5117_template.freq.png, id=392, 853.1875pt x 682.55pt>
File: ~/Desktop/master_project/My_project/MSc_Project/paper_work/de60x_results/
J0055+5117_template.freq.png Graphic file (type png)

<use ~/Desktop/master_project/My_project/MSc_Project/paper_work/de60x_results/J
0055+5117_template.freq.png>
Package pdftex.def Info: ~/Desktop/master_project/My_project/MSc_Project/paper_
work/de60x_results/J0055+5117_template.freq.png used on input line 814.
(pdftex.def)             Requested size: 264.46837pt x 211.5779pt.


! Package caption Error: \setcaptionsubtype outside float.

See the caption package documentation for explanation.
Type  H <return>  for immediate help.
 ...                                              
                                                  
l.817 \begin{subfigure}[c]{0.50\textwidth}
                                          
If you do not understand this error, please take a closer look
at the documentation of the `caption' package, especially the
section about errors.
Try typing  <return>  to proceed.
If that doesn't work, type  X <return>  to quit.


<~/Desktop/master_project/My_project/MSc_Project/paper_work/de60x_results/J0820
-1350_template.freq.png, id=393, 853.1875pt x 682.55pt>
File: ~/Desktop/master_project/My_project/MSc_Project/paper_work/de60x_results/
J0820-1350_template.freq.png Graphic file (type png)

<use ~/Desktop/master_project/My_project/MSc_Project/paper_work/de60x_results/J
0820-1350_template.freq.png>
Package pdftex.def Info: ~/Desktop/master_project/My_project/MSc_Project/paper_
work/de60x_results/J0820-1350_template.freq.png used on input line 818.
(pdftex.def)             Requested size: 264.46837pt x 211.5779pt.

Overfull \hbox (15.0254pt too wide) in paragraph at lines 813--820
$[]$   $[]$ 
 []


! Package caption Error: \setcaptionsubtype outside float.

See the caption package documentation for explanation.
Type  H <return>  for immediate help.
 ...                                              
                                                  
l.822 \begin{subfigure}[c]{0.50\textwidth}
                                          
If you do not understand this error, please take a closer look
at the documentation of the `caption' package, especially the
section about errors.
Try typing  <return>  to proceed.
If that doesn't work, type  X <return>  to quit.


<~/Desktop/master_project/My_project/MSc_Project/paper_work/de60x_results/J0452
-1759_template.freq.png, id=394, 853.1875pt x 682.55pt>
File: ~/Desktop/master_project/My_project/MSc_Project/paper_work/de60x_results/
J0452-1759_template.freq.png Graphic file (type png)

<use ~/Desktop/master_project/My_project/MSc_Project/paper_work/de60x_results/J
0452-1759_template.freq.png>
Package pdftex.def Info: ~/Desktop/master_project/My_project/MSc_Project/paper_
work/de60x_results/J0452-1759_template.freq.png used on input line 823.
(pdftex.def)             Requested size: 264.46837pt x 211.5779pt.


! Package caption Error: \setcaptionsubtype outside float.

See the caption package documentation for explanation.
Type  H <return>  for immediate help.
 ...                                              
                                                  
l.826 \begin{subfigure}[c]{0.50\textwidth}
                                          
If you do not understand this error, please take a closer look
at the documentation of the `caption' package, especially the
section about errors.
Try typing  <return>  to proceed.
If that doesn't work, type  X <return>  to quit.


<~/Desktop/master_project/My_project/MSc_Project/paper_work/de60x_results/J1948
+3540_template.freq.png, id=395, 853.1875pt x 682.55pt>
File: ~/Desktop/master_project/My_project/MSc_Project/paper_work/de60x_results/
J1948+3540_template.freq.png Graphic file (type png)

<use ~/Desktop/master_project/My_project/MSc_Project/paper_work/de60x_results/J
1948+3540_template.freq.png>
Package pdftex.def Info: ~/Desktop/master_project/My_project/MSc_Project/paper_
work/de60x_results/J1948+3540_template.freq.png used on input line 827.
(pdftex.def)             Requested size: 264.46837pt x 211.5779pt.

Overfull \hbox (30.0254pt too wide) in paragraph at lines 822--829
[]$[]$   $[]$ 
 []


! Package caption Error: \setcaptionsubtype outside float.

See the caption package documentation for explanation.
Type  H <return>  for immediate help.
 ...                                              
                                                  
l.832 \begin{subfigure}[c]{0.50\textwidth}
                                          
If you do not understand this error, please take a closer look
at the documentation of the `caption' package, especially the
section about errors.
Try typing  <return>  to proceed.
If that doesn't work, type  X <return>  to quit.


<~/Desktop/master_project/My_project/MSc_Project/paper_work/de60x_results/J0946
+0951_template.freq.png, id=396, 853.1875pt x 682.55pt>
File: ~/Desktop/master_project/My_project/MSc_Project/paper_work/de60x_results/
J0946+0951_template.freq.png Graphic file (type png)

<use ~/Desktop/master_project/My_project/MSc_Project/paper_work/de60x_results/J
0946+0951_template.freq.png>
Package pdftex.def Info: ~/Desktop/master_project/My_project/MSc_Project/paper_
work/de60x_results/J0946+0951_template.freq.png used on input line 833.
(pdftex.def)             Requested size: 264.46837pt x 211.5779pt.


! Package caption Error: \setcaptionsubtype outside float.

See the caption package documentation for explanation.
Type  H <return>  for immediate help.
 ...                                              
                                                  
l.836 \begin{subfigure}[c]{0.50\textwidth}
                                          
If you do not understand this error, please take a closer look
at the documentation of the `caption' package, especially the
section about errors.
Try typing  <return>  to proceed.
If that doesn't work, type  X <return>  to quit.


<~/Desktop/master_project/My_project/MSc_Project/paper_work/de60x_results/J1543
-0620_template.freq.png, id=397, 853.1875pt x 682.55pt>
File: ~/Desktop/master_project/My_project/MSc_Project/paper_work/de60x_results/
J1543-0620_template.freq.png Graphic file (type png)

<use ~/Desktop/master_project/My_project/MSc_Project/paper_work/de60x_results/J
1543-0620_template.freq.png>
Package pdftex.def Info: ~/Desktop/master_project/My_project/MSc_Project/paper_
work/de60x_results/J1543-0620_template.freq.png used on input line 837.
(pdftex.def)             Requested size: 264.46837pt x 211.5779pt.

Overfull \hbox (30.0254pt too wide) in paragraph at lines 832--839
[]$[]$   $[]$ 
 []


! Package caption Error: \setcaptionsubtype outside float.

See the caption package documentation for explanation.
Type  H <return>  for immediate help.
 ...                                              
                                                  
l.842 \begin{subfigure}[c]{0.50\textwidth}
                                          
If you do not understand this error, please take a closer look
at the documentation of the `caption' package, especially the
section about errors.
Try typing  <return>  to proceed.
If that doesn't work, type  X <return>  to quit.


<~/Desktop/master_project/My_project/MSc_Project/paper_work/de60x_results/J1740
+27_template.freq.png, id=398, 853.1875pt x 682.55pt>
File: ~/Desktop/master_project/My_project/MSc_Project/paper_work/de60x_results/
J1740+27_template.freq.png Graphic file (type png)

<use ~/Desktop/master_project/My_project/MSc_Project/paper_work/de60x_results/J
1740+27_template.freq.png>
Package pdftex.def Info: ~/Desktop/master_project/My_project/MSc_Project/paper_
work/de60x_results/J1740+27_template.freq.png used on input line 843.
(pdftex.def)             Requested size: 264.46837pt x 211.5779pt.


! Package caption Error: \setcaptionsubtype outside float.

See the caption package documentation for explanation.
Type  H <return>  for immediate help.
 ...                                              
                                                  
l.846 \begin{subfigure}[c]{0.50\textwidth}
                                          
If you do not understand this error, please take a closer look
at the documentation of the `caption' package, especially the
section about errors.
Try typing  <return>  to proceed.
If that doesn't work, type  X <return>  to quit.


<~/Desktop/master_project/My_project/MSc_Project/paper_work/de60x_results/J1752
-2806_template.freq.png, id=399, 853.1875pt x 682.55pt>
File: ~/Desktop/master_project/My_project/MSc_Project/paper_work/de60x_results/
J1752-2806_template.freq.png Graphic file (type png)

<use ~/Desktop/master_project/My_project/MSc_Project/paper_work/de60x_results/J
1752-2806_template.freq.png>
Package pdftex.def Info: ~/Desktop/master_project/My_project/MSc_Project/paper_
work/de60x_results/J1752-2806_template.freq.png used on input line 847.
(pdftex.def)             Requested size: 264.46837pt x 211.5779pt.

Overfull \hbox (30.0254pt too wide) in paragraph at lines 842--849
[]$[]$   $[]$ 
 []

[30 </home/abubakar/Desktop/master_project/My_project/MSc_Project/paper_work/de
60x_results/J0055+5117_template.freq.png> </home/abubakar/Desktop/master_projec
t/My_project/MSc_Project/paper_work/de60x_results/J0820-1350_template.freq.png>
 </home/abubakar/Desktop/master_project/My_project/MSc_Project/paper_work/de60x
_results/J0452-1759_template.freq.png> </home/abubakar/Desktop/master_project/M
y_project/MSc_Project/paper_work/de60x_results/J1948+3540_template.freq.png> </
home/abubakar/Desktop/master_project/My_project/MSc_Project/paper_work/de60x_re
sults/J0946+0951_template.freq.png> </home/abubakar/Desktop/master_project/My_p
roject/MSc_Project/paper_work/de60x_results/J1543-0620_template.freq.png>]

! Package caption Error: \setcaptionsubtype outside float.

See the caption package documentation for explanation.
Type  H <return>  for immediate help.
 ...                                              
                                                  
l.852 \begin{subfigure}[c]{0.50\textwidth}
                                          
If you do not understand this error, please take a closer look
at the documentation of the `caption' package, especially the
section about errors.
Try typing  <return>  to proceed.
If that doesn't work, type  X <return>  to quit.


<~/Desktop/master_project/My_project/MSc_Project/paper_work/de60x_results/J1900
-2600_template.freq.png, id=409, 853.1875pt x 682.55pt>
File: ~/Desktop/master_project/My_project/MSc_Project/paper_work/de60x_results/
J1900-2600_template.freq.png Graphic file (type png)

<use ~/Desktop/master_project/My_project/MSc_Project/paper_work/de60x_results/J
1900-2600_template.freq.png>
Package pdftex.def Info: ~/Desktop/master_project/My_project/MSc_Project/paper_
work/de60x_results/J1900-2600_template.freq.png used on input line 853.
(pdftex.def)             Requested size: 264.46837pt x 211.5779pt.


! Package caption Error: \setcaptionsubtype outside float.

See the caption package documentation for explanation.
Type  H <return>  for immediate help.
 ...                                              
                                                  
l.856 \begin{subfigure}[c]{0.50\textwidth}
                                          
If you do not understand this error, please take a closer look
at the documentation of the `caption' package, especially the
section about errors.
Try typing  <return>  to proceed.
If that doesn't work, type  X <return>  to quit.


<~/Desktop/master_project/My_project/MSc_Project/paper_work/de60x_results/J1913
-0440_template.freq.png, id=410, 853.1875pt x 682.55pt>
File: ~/Desktop/master_project/My_project/MSc_Project/paper_work/de60x_results/
J1913-0440_template.freq.png Graphic file (type png)

<use ~/Desktop/master_project/My_project/MSc_Project/paper_work/de60x_results/J
1913-0440_template.freq.png>
Package pdftex.def Info: ~/Desktop/master_project/My_project/MSc_Project/paper_
work/de60x_results/J1913-0440_template.freq.png used on input line 857.
(pdftex.def)             Requested size: 264.46837pt x 211.5779pt.

Overfull \hbox (30.0254pt too wide) in paragraph at lines 852--859
[]$[]$   $[]$ 
 []


! Package caption Error: \setcaptionsubtype outside float.

See the caption package documentation for explanation.
Type  H <return>  for immediate help.
 ...                                              
                                                  
l.861 \begin{subfigure}[c]{0.50\textwidth}
                                          
If you do not understand this error, please take a closer look
at the documentation of the `caption' package, especially the
section about errors.
Try typing  <return>  to proceed.
If that doesn't work, type  X <return>  to quit.


<~/Desktop/master_project/My_project/MSc_Project/paper_work/de60x_results/J1921
+2153_template.freq.png, id=411, 853.1875pt x 682.55pt>
File: ~/Desktop/master_project/My_project/MSc_Project/paper_work/de60x_results/
J1921+2153_template.freq.png Graphic file (type png)

<use ~/Desktop/master_project/My_project/MSc_Project/paper_work/de60x_results/J
1921+2153_template.freq.png>
Package pdftex.def Info: ~/Desktop/master_project/My_project/MSc_Project/paper_
work/de60x_results/J1921+2153_template.freq.png used on input line 862.
(pdftex.def)             Requested size: 264.46837pt x 211.5779pt.


! Package caption Error: \setcaptionsubtype outside float.

See the caption package documentation for explanation.
Type  H <return>  for immediate help.
 ...                                              
                                                  
l.865 \begin{subfigure}[c]{0.50\textwidth}
                                          
If you do not understand this error, please take a closer look
at the documentation of the `caption' package, especially the
section about errors.
Try typing  <return>  to proceed.
If that doesn't work, type  X <return>  to quit.


<~/Desktop/master_project/My_project/MSc_Project/paper_work/de60x_results/J1935
+1616_template.freq.png, id=412, 853.1875pt x 682.55pt>
File: ~/Desktop/master_project/My_project/MSc_Project/paper_work/de60x_results/
J1935+1616_template.freq.png Graphic file (type png)

<use ~/Desktop/master_project/My_project/MSc_Project/paper_work/de60x_results/J
1935+1616_template.freq.png>
Package pdftex.def Info: ~/Desktop/master_project/My_project/MSc_Project/paper_
work/de60x_results/J1935+1616_template.freq.png used on input line 866.
(pdftex.def)             Requested size: 264.46837pt x 211.5779pt.

Overfull \hbox (30.0254pt too wide) in paragraph at lines 861--868
[]$[]$   $[]$ 
 []


! Package caption Error: \setcaptionsubtype outside float.

See the caption package documentation for explanation.
Type  H <return>  for immediate help.
 ...                                              
                                                  
l.870 \begin{subfigure}[c]{0.50\textwidth}
                                          
If you do not understand this error, please take a closer look
at the documentation of the `caption' package, especially the
section about errors.
Try typing  <return>  to proceed.
If that doesn't work, type  X <return>  to quit.


<~/Desktop/master_project/My_project/MSc_Project/paper_work/de60x_results/J1943
-1237_template.freq.png, id=413, 853.1875pt x 682.55pt>
File: ~/Desktop/master_project/My_project/MSc_Project/paper_work/de60x_results/
J1943-1237_template.freq.png Graphic file (type png)

<use ~/Desktop/master_project/My_project/MSc_Project/paper_work/de60x_results/J
1943-1237_template.freq.png>
Package pdftex.def Info: ~/Desktop/master_project/My_project/MSc_Project/paper_
work/de60x_results/J1943-1237_template.freq.png used on input line 871.
(pdftex.def)             Requested size: 264.46837pt x 211.5779pt.


! Package caption Error: \setcaptionsubtype outside float.

See the caption package documentation for explanation.
Type  H <return>  for immediate help.
 ...                                              
                                                  
l.874 \begin{subfigure}[c]{0.50\textwidth}
                                          
If you do not understand this error, please take a closer look
at the documentation of the `caption' package, especially the
section about errors.
Try typing  <return>  to proceed.
If that doesn't work, type  X <return>  to quit.


<~/Desktop/master_project/My_project/MSc_Project/paper_work/de60x_results/J2022
+5154_template.freq.png, id=414, 853.1875pt x 682.55pt>
File: ~/Desktop/master_project/My_project/MSc_Project/paper_work/de60x_results/
J2022+5154_template.freq.png Graphic file (type png)

<use ~/Desktop/master_project/My_project/MSc_Project/paper_work/de60x_results/J
2022+5154_template.freq.png>
Package pdftex.def Info: ~/Desktop/master_project/My_project/MSc_Project/paper_
work/de60x_results/J2022+5154_template.freq.png used on input line 875.
(pdftex.def)             Requested size: 264.46837pt x 211.5779pt.

Overfull \hbox (30.0254pt too wide) in paragraph at lines 870--877
[]$[]$   $[]$ 
 []

[31 </home/abubakar/Desktop/master_project/My_project/MSc_Project/paper_work/de
60x_results/J1740+27_template.freq.png> </home/abubakar/Desktop/master_project/
My_project/MSc_Project/paper_work/de60x_results/J1752-2806_template.freq.png> <
/home/abubakar/Desktop/master_project/My_project/MSc_Project/paper_work/de60x_r
esults/J1900-2600_template.freq.png> </home/abubakar/Desktop/master_project/My_
project/MSc_Project/paper_work/de60x_results/J1913-0440_template.freq.png> </ho
me/abubakar/Desktop/master_project/My_project/MSc_Project/paper_work/de60x_resu
lts/J1921+2153_template.freq.png> </home/abubakar/Desktop/master_project/My_pro
ject/MSc_Project/paper_work/de60x_results/J1935+1616_template.freq.png>]

! Package caption Error: \setcaptionsubtype outside float.

See the caption package documentation for explanation.
Type  H <return>  for immediate help.
 ...                                              
                                                  
l.880 \begin{subfigure}[c]{0.50\textwidth}
                                          
If you do not understand this error, please take a closer look
at the documentation of the `caption' package, especially the
section about errors.
Try typing  <return>  to proceed.
If that doesn't work, type  X <return>  to quit.


<~/Desktop/master_project/My_project/MSc_Project/paper_work/de60x_results/J2048
-1616_template.freq.png, id=425, 853.1875pt x 682.55pt>
File: ~/Desktop/master_project/My_project/MSc_Project/paper_work/de60x_results/
J2048-1616_template.freq.png Graphic file (type png)

<use ~/Desktop/master_project/My_project/MSc_Project/paper_work/de60x_results/J
2048-1616_template.freq.png>
Package pdftex.def Info: ~/Desktop/master_project/My_project/MSc_Project/paper_
work/de60x_results/J2048-1616_template.freq.png used on input line 881.
(pdftex.def)             Requested size: 264.46837pt x 211.5779pt.


! Package caption Error: \setcaptionsubtype outside float.

See the caption package documentation for explanation.
Type  H <return>  for immediate help.
 ...                                              
                                                  
l.884 \begin{subfigure}[c]{0.50\textwidth}
                                          
If you do not understand this error, please take a closer look
at the documentation of the `caption' package, especially the
section about errors.
Try typing  <return>  to proceed.
If that doesn't work, type  X <return>  to quit.


<~/Desktop/master_project/My_project/MSc_Project/paper_work/de60x_results/J2157
+4017_template.freq.png, id=426, 853.1875pt x 682.55pt>
File: ~/Desktop/master_project/My_project/MSc_Project/paper_work/de60x_results/
J2157+4017_template.freq.png Graphic file (type png)

<use ~/Desktop/master_project/My_project/MSc_Project/paper_work/de60x_results/J
2157+4017_template.freq.png>
Package pdftex.def Info: ~/Desktop/master_project/My_project/MSc_Project/paper_
work/de60x_results/J2157+4017_template.freq.png used on input line 885.
(pdftex.def)             Requested size: 264.46837pt x 211.5779pt.

Overfull \hbox (30.0254pt too wide) in paragraph at lines 880--887
[]$[]$   $[]$ 
 []


! Package caption Error: \setcaptionsubtype outside float.

See the caption package documentation for explanation.
Type  H <return>  for immediate help.
 ...                                              
                                                  
l.890 \begin{subfigure}[c]{0.50\textwidth}
                                          
If you do not understand this error, please take a closer look
at the documentation of the `caption' package, especially the
section about errors.
Try typing  <return>  to proceed.
If that doesn't work, type  X <return>  to quit.


<~/Desktop/master_project/My_project/MSc_Project/paper_work/de60x_results/J2219
+4754_template.freq.png, id=427, 853.1875pt x 682.55pt>
File: ~/Desktop/master_project/My_project/MSc_Project/paper_work/de60x_results/
J2219+4754_template.freq.png Graphic file (type png)

<use ~/Desktop/master_project/My_project/MSc_Project/paper_work/de60x_results/J
2219+4754_template.freq.png>
Package pdftex.def Info: ~/Desktop/master_project/My_project/MSc_Project/paper_
work/de60x_results/J2219+4754_template.freq.png used on input line 891.
(pdftex.def)             Requested size: 264.46837pt x 211.5779pt.


! Package caption Error: \setcaptionsubtype outside float.

See the caption package documentation for explanation.
Type  H <return>  for immediate help.
 ...                                              
                                                  
l.894 \begin{subfigure}[c]{0.50\textwidth}
                                          
If you do not understand this error, please take a closer look
at the documentation of the `caption' package, especially the
section about errors.
Try typing  <return>  to proceed.
If that doesn't work, type  X <return>  to quit.


<~/Desktop/master_project/My_project/MSc_Project/paper_work/de60x_results/J2257
+5909_template.freq.png, id=428, 853.1875pt x 682.55pt>
File: ~/Desktop/master_project/My_project/MSc_Project/paper_work/de60x_results/
J2257+5909_template.freq.png Graphic file (type png)

<use ~/Desktop/master_project/My_project/MSc_Project/paper_work/de60x_results/J
2257+5909_template.freq.png>
Package pdftex.def Info: ~/Desktop/master_project/My_project/MSc_Project/paper_
work/de60x_results/J2257+5909_template.freq.png used on input line 895.
(pdftex.def)             Requested size: 264.46837pt x 211.5779pt.

Overfull \hbox (30.0254pt too wide) in paragraph at lines 890--897
[]$[]$   $[]$ 
 []


! Package caption Error: \setcaptionsubtype outside float.

See the caption package documentation for explanation.
Type  H <return>  for immediate help.
 ...                                              
                                                  
l.900 \begin{subfigure}[c]{0.50\textwidth}
                                          
If you do not understand this error, please take a closer look
at the documentation of the `caption' package, especially the
section about errors.
Try typing  <return>  to proceed.
If that doesn't work, type  X <return>  to quit.


<~/Desktop/master_project/My_project/MSc_Project/paper_work/de60x_results/J0826
+2637_template.freq.png, id=429, 853.1875pt x 682.55pt>
File: ~/Desktop/master_project/My_project/MSc_Project/paper_work/de60x_results/
J0826+2637_template.freq.png Graphic file (type png)

<use ~/Desktop/master_project/My_project/MSc_Project/paper_work/de60x_results/J
0826+2637_template.freq.png>
Package pdftex.def Info: ~/Desktop/master_project/My_project/MSc_Project/paper_
work/de60x_results/J0826+2637_template.freq.png used on input line 901.
(pdftex.def)             Requested size: 264.46837pt x 211.5779pt.


! Package caption Error: \setcaptionsubtype outside float.

See the caption package documentation for explanation.
Type  H <return>  for immediate help.
 ...                                              
                                                  
l.904 \begin{subfigure}[c]{0.50\textwidth}
                                          
If you do not understand this error, please take a closer look
at the documentation of the `caption' package, especially the
section about errors.
Try typing  <return>  to proceed.
If that doesn't work, type  X <return>  to quit.


<~/Desktop/master_project/My_project/MSc_Project/paper_work/de60x_results/J0922
+0638_template.freq.png, id=430, 853.1875pt x 682.55pt>
File: ~/Desktop/master_project/My_project/MSc_Project/paper_work/de60x_results/
J0922+0638_template.freq.png Graphic file (type png)

<use ~/Desktop/master_project/My_project/MSc_Project/paper_work/de60x_results/J
0922+0638_template.freq.png>
Package pdftex.def Info: ~/Desktop/master_project/My_project/MSc_Project/paper_
work/de60x_results/J0922+0638_template.freq.png used on input line 905.
(pdftex.def)             Requested size: 264.46837pt x 211.5779pt.

Overfull \hbox (30.0254pt too wide) in paragraph at lines 900--907
[]$[]$   $[]$ 
 []

[32 </home/abubakar/Desktop/master_project/My_project/MSc_Project/paper_work/de
60x_results/J1943-1237_template.freq.png> </home/abubakar/Desktop/master_projec
t/My_project/MSc_Project/paper_work/de60x_results/J2022+5154_template.freq.png>
 </home/abubakar/Desktop/master_project/My_project/MSc_Project/paper_work/de60x
_results/J2048-1616_template.freq.png> </home/abubakar/Desktop/master_project/M
y_project/MSc_Project/paper_work/de60x_results/J2157+4017_template.freq.png> </
home/abubakar/Desktop/master_project/My_project/MSc_Project/paper_work/de60x_re
sults/J2219+4754_template.freq.png> </home/abubakar/Desktop/master_project/My_p
roject/MSc_Project/paper_work/de60x_results/J2257+5909_template.freq.png>]

! Package caption Error: \setcaptionsubtype outside float.

See the caption package documentation for explanation.
Type  H <return>  for immediate help.
 ...                                              
                                                  
l.910 \begin{subfigure}[c]{0.50\textwidth}
                                          
If you do not understand this error, please take a closer look
at the documentation of the `caption' package, especially the
section about errors.
Try typing  <return>  to proceed.
If that doesn't work, type  X <return>  to quit.


<~/Desktop/master_project/My_project/MSc_Project/paper_work/de60x_results/J1820
-0427_template.freq.png, id=440, 853.1875pt x 682.55pt>
File: ~/Desktop/master_project/My_project/MSc_Project/paper_work/de60x_results/
J1820-0427_template.freq.png Graphic file (type png)

<use ~/Desktop/master_project/My_project/MSc_Project/paper_work/de60x_results/J
1820-0427_template.freq.png>
Package pdftex.def Info: ~/Desktop/master_project/My_project/MSc_Project/paper_
work/de60x_results/J1820-0427_template.freq.png used on input line 911.
(pdftex.def)             Requested size: 264.46837pt x 211.5779pt.


! Package caption Error: \setcaptionsubtype outside float.

See the caption package documentation for explanation.
Type  H <return>  for immediate help.
 ...                                              
                                                  
l.914 \begin{subfigure}[c]{0.50\textwidth}
                                          
If you do not understand this error, please take a closer look
at the documentation of the `caption' package, especially the
section about errors.
Try typing  <return>  to proceed.
If that doesn't work, type  X <return>  to quit.


<~/Desktop/master_project/My_project/MSc_Project/paper_work/de60x_results/J1834
-0426_template.freq.png, id=441, 853.1875pt x 682.55pt>
File: ~/Desktop/master_project/My_project/MSc_Project/paper_work/de60x_results/
J1834-0426_template.freq.png Graphic file (type png)

<use ~/Desktop/master_project/My_project/MSc_Project/paper_work/de60x_results/J
1834-0426_template.freq.png>
Package pdftex.def Info: ~/Desktop/master_project/My_project/MSc_Project/paper_
work/de60x_results/J1834-0426_template.freq.png used on input line 915.
(pdftex.def)             Requested size: 264.46837pt x 211.5779pt.

Overfull \hbox (30.0254pt too wide) in paragraph at lines 910--917
[]$[]$   $[]$ 
 []


! Package caption Error: \setcaptionsubtype outside float.

See the caption package documentation for explanation.
Type  H <return>  for immediate help.
 ...                                              
                                                  
l.919 \begin{subfigure}[c]{0.50\textwidth}
                                          
If you do not understand this error, please take a closer look
at the documentation of the `caption' package, especially the
section about errors.
Try typing  <return>  to proceed.
If that doesn't work, type  X <return>  to quit.


<~/Desktop/master_project/My_project/MSc_Project/paper_work/de60x_results/J1932
+1059_template.freq.png, id=442, 853.1875pt x 682.55pt>
File: ~/Desktop/master_project/My_project/MSc_Project/paper_work/de60x_results/
J1932+1059_template.freq.png Graphic file (type png)

<use ~/Desktop/master_project/My_project/MSc_Project/paper_work/de60x_results/J
1932+1059_template.freq.png>
Package pdftex.def Info: ~/Desktop/master_project/My_project/MSc_Project/paper_
work/de60x_results/J1932+1059_template.freq.png used on input line 920.
(pdftex.def)             Requested size: 264.46837pt x 211.5779pt.


! Package caption Error: \setcaptionsubtype outside float.

See the caption package documentation for explanation.
Type  H <return>  for immediate help.
 ...                                              
                                                  
l.923 \begin{subfigure}[c]{0.50\textwidth}
                                          
If you do not understand this error, please take a closer look
at the documentation of the `caption' package, especially the
section about errors.
Try typing  <return>  to proceed.
If that doesn't work, type  X <return>  to quit.


<~/Desktop/master_project/My_project/MSc_Project/paper_work/de60x_results/J2022
+2854_template.freq.png, id=443, 853.1875pt x 682.55pt>
File: ~/Desktop/master_project/My_project/MSc_Project/paper_work/de60x_results/
J2022+2854_template.freq.png Graphic file (type png)

<use ~/Desktop/master_project/My_project/MSc_Project/paper_work/de60x_results/J
2022+2854_template.freq.png>
Package pdftex.def Info: ~/Desktop/master_project/My_project/MSc_Project/paper_
work/de60x_results/J2022+2854_template.freq.png used on input line 924.
(pdftex.def)             Requested size: 264.46837pt x 211.5779pt.

Overfull \hbox (30.0254pt too wide) in paragraph at lines 919--926
[]$[]$   $[]$ 
 []

[33 </home/abubakar/Desktop/master_project/My_project/MSc_Project/paper_work/de
60x_results/J0826+2637_template.freq.png> </home/abubakar/Desktop/master_projec
t/My_project/MSc_Project/paper_work/de60x_results/J0922+0638_template.freq.png>
 </home/abubakar/Desktop/master_project/My_project/MSc_Project/paper_work/de60x
_results/J1820-0427_template.freq.png> </home/abubakar/Desktop/master_project/M
y_project/MSc_Project/paper_work/de60x_results/J1834-0426_template.freq.png> </
home/abubakar/Desktop/master_project/My_project/MSc_Project/paper_work/de60x_re
sults/J1932+1059_template.freq.png> </home/abubakar/Desktop/master_project/My_p
roject/MSc_Project/paper_work/de60x_results/J2022+2854_template.freq.png>]
(./results_report.aux) ) 
Here is how much of TeX's memory you used:
 5180 strings out of 494910
 140809 string characters out of 6179835
 139822 words of memory out of 5000000
 8430 multiletter control sequences out of 15000+600000
 4850 words of font info for 18 fonts, out of 8000000 for 9000
 36 hyphenation exceptions out of 8191
 42i,7n,40p,283b,214s stack positions out of 5000i,500n,10000p,200000b,80000s
</usr/share/texlive/texmf-dist/fonts/type1/public/amsfo
nts/cm/cmbx12.pfb>
Output written on results_report.pdf (33 pages, 7971769 bytes).
PDF statistics:
 459 PDF objects out of 1000 (max. 8388607)
 78 compressed objects within 1 object stream
 0 named destinations out of 1000 (max. 500000)
 861 words of extra memory for PDF output out of 10000 (max. 10000000)

